status;source_list;compare_list;product_number;Artikelnummern::Zelllinie;Datenbank_Import_05052026::Designation
missing_in_Datenbank_Import_05052026;Artikelnummern.csv;Datenbank_Import_05052026.csv;300694;Adult Human Melanocytes;
missing_in_Datenbank_Import_05052026;Artikelnummern.csv;Datenbank_Import_05052026.csv;302200;ASB4;
missing_in_Datenbank_Import_05052026;Artikelnummern.csv;Datenbank_Import_05052026.csv;300313;ASMC;
missing_in_Datenbank_Import_05052026;Artikelnummern.csv;Datenbank_Import_05052026.csv;610327;B15;x
missing_in_Datenbank_Import_05052026;Artikelnummern.csv;Datenbank_Import_05052026.csv;610329;B15 EGFP;x
missing_in_Datenbank_Import_05052026;Artikelnummern.csv;Datenbank_Import_05052026.csv;302216;B95/8;duplicate
missing_in_Datenbank_Import_05052026;Artikelnummern.csv;Datenbank_Import_05052026.csv;302217;BGM;Oliver
missing_in_Datenbank_Import_05052026;Artikelnummern.csv;Datenbank_Import_05052026.csv;300914;B-LCL-HROM14;duplicate
missing_in_Datenbank_Import_05052026;Artikelnummern.csv;Datenbank_Import_05052026.csv;300709;B-LCL-HROP101;x
missing_in_Datenbank_Import_05052026;Artikelnummern.csv;Datenbank_Import_05052026.csv;302218;BS-C-1;Oliver
missing_in_Datenbank_Import_05052026;Artikelnummern.csv;Datenbank_Import_05052026.csv;305971;CHO suspension adapted;
missing_in_Datenbank_Import_05052026;Artikelnummern.csv;Datenbank_Import_05052026.csv;603486;CHO-K1 suspension adapted;
missing_in_Datenbank_Import_05052026;Artikelnummern.csv;Datenbank_Import_05052026.csv;302219;COS-1;Oliver
missing_in_Datenbank_Import_05052026;Artikelnummern.csv;Datenbank_Import_05052026.csv;302220;COS-7;Oliver
missing_in_Datenbank_Import_05052026;Artikelnummern.csv;Datenbank_Import_05052026.csv;305358;CTX;x
missing_in_Datenbank_Import_05052026;Artikelnummern.csv;Datenbank_Import_05052026.csv;302221;CV-1;Oliver
missing_in_Datenbank_Import_05052026;Artikelnummern.csv;Datenbank_Import_05052026.csv;305535;EJ;x
missing_in_Datenbank_Import_05052026;Artikelnummern.csv;Datenbank_Import_05052026.csv;300104;EPLC-32M1 - HeLa kontaminiert;
missing_in_Datenbank_Import_05052026;Artikelnummern.csv;Datenbank_Import_05052026.csv;302222;FRhK-4;Oliver
missing_in_Datenbank_Import_05052026;Artikelnummern.csv;Datenbank_Import_05052026.csv;302204;GE Colon;
missing_in_Datenbank_Import_05052026;Artikelnummern.csv;Datenbank_Import_05052026.csv;302213;GFP15;none
missing_in_Datenbank_Import_05052026;Artikelnummern.csv;Datenbank_Import_05052026.csv;305896;Hap1;none
missing_in_Datenbank_Import_05052026;Artikelnummern.csv;Datenbank_Import_05052026.csv;305591;HCC1830;x
missing_in_Datenbank_Import_05052026;Artikelnummern.csv;Datenbank_Import_05052026.csv;302171;HCK CA;x
missing_in_Datenbank_Import_05052026;Artikelnummern.csv;Datenbank_Import_05052026.csv;400992;HEA-125;
missing_in_Datenbank_Import_05052026;Artikelnummern.csv;Datenbank_Import_05052026.csv;300687;HEK293 suspension-adapted - GMP grade;
missing_in_Datenbank_Import_05052026;Artikelnummern.csv;Datenbank_Import_05052026.csv;831106;HEPES Buffer Solution (1M);
missing_in_Datenbank_Import_05052026;Artikelnummern.csv;Datenbank_Import_05052026.csv;305791;HFOB 1.19;
missing_in_Datenbank_Import_05052026;Artikelnummern.csv;Datenbank_Import_05052026.csv;305970;HPB-ALL;
missing_in_Datenbank_Import_05052026;Artikelnummern.csv;Datenbank_Import_05052026.csv;300711;HROC100 T2 M1;
missing_in_Datenbank_Import_05052026;Artikelnummern.csv;Datenbank_Import_05052026.csv;300716;HROC110 T1 M7 #2;
missing_in_Datenbank_Import_05052026;Artikelnummern.csv;Datenbank_Import_05052026.csv;300764;HROC197 T2 M1;
missing_in_Datenbank_Import_05052026;Artikelnummern.csv;Datenbank_Import_05052026.csv;305580;Hs815.;
missing_in_Datenbank_Import_05052026;Artikelnummern.csv;Datenbank_Import_05052026.csv;300214;HSB;
missing_in_Datenbank_Import_05052026;Artikelnummern.csv;Datenbank_Import_05052026.csv;304065;HUAEC;
missing_in_Datenbank_Import_05052026;Artikelnummern.csv;Datenbank_Import_05052026.csv;300697;Human Subcutaneous Pre-Adipocytes;
missing_in_Datenbank_Import_05052026;Artikelnummern.csv;Datenbank_Import_05052026.csv;300458;hURO;
missing_in_Datenbank_Import_05052026;Artikelnummern.csv;Datenbank_Import_05052026.csv;305327;Immortalized Human Rheumatic Joint Synovial Fibroblast Cells;
missing_in_Datenbank_Import_05052026;Artikelnummern.csv;Datenbank_Import_05052026.csv;300624;iPSC-hASC;
missing_in_Datenbank_Import_05052026;Artikelnummern.csv;Datenbank_Import_05052026.csv;300263;JOK-1;
missing_in_Datenbank_Import_05052026;Artikelnummern.csv;Datenbank_Import_05052026.csv;610328;KCB;
missing_in_Datenbank_Import_05052026;Artikelnummern.csv;Datenbank_Import_05052026.csv;810110;"KMG-1 / Conditioned growth medium, ready-to-use;";
missing_in_Datenbank_Import_05052026;Artikelnummern.csv;Datenbank_Import_05052026.csv;810210;KMG-2 / Conditioned growth medium, ready-to-use;
missing_in_Datenbank_Import_05052026;Artikelnummern.csv;Datenbank_Import_05052026.csv;810310;KMG-3 / Conditioned growth medium, ready-to-use;
missing_in_Datenbank_Import_05052026;Artikelnummern.csv;Datenbank_Import_05052026.csv;810410;KMG-4 / Conditioned growth medium, ready-to-use;
missing_in_Datenbank_Import_05052026;Artikelnummern.csv;Datenbank_Import_05052026.csv;810510;KMG-5 / Conditioned growth medium, ready-to-use;
missing_in_Datenbank_Import_05052026;Artikelnummern.csv;Datenbank_Import_05052026.csv;810610;KMG-6 / Conditioned growth medium, ready-to-use;
missing_in_Datenbank_Import_05052026;Artikelnummern.csv;Datenbank_Import_05052026.csv;302208;Kolon gesund;
missing_in_Datenbank_Import_05052026;Artikelnummern.csv;Datenbank_Import_05052026.csv;400991;L1-OV198.5;
missing_in_Datenbank_Import_05052026;Artikelnummern.csv;Datenbank_Import_05052026.csv;302223;LLC-MK2;
missing_in_Datenbank_Import_05052026;Artikelnummern.csv;Datenbank_Import_05052026.csv;302750;M;
missing_in_Datenbank_Import_05052026;Artikelnummern.csv;Datenbank_Import_05052026.csv;302224;MA-104;
missing_in_Datenbank_Import_05052026;Artikelnummern.csv;Datenbank_Import_05052026.csv;302225;MARC-145;
missing_in_Datenbank_Import_05052026;Artikelnummern.csv;Datenbank_Import_05052026.csv;602282;MDCK-H-SIAT;
missing_in_Datenbank_Import_05052026;Artikelnummern.csv;Datenbank_Import_05052026.csv;305244;MEF (NIF) (#240 auf vial);
missing_in_Datenbank_Import_05052026;Artikelnummern.csv;Datenbank_Import_05052026.csv;304293;Monozyten, human, aus Buffy coat isoliert;
missing_in_Datenbank_Import_05052026;Artikelnummern.csv;Datenbank_Import_05052026.csv;302201;NH (NH Acalis);
missing_in_Datenbank_Import_05052026;Artikelnummern.csv;Datenbank_Import_05052026.csv;302214;PauCa #13;
missing_in_Datenbank_Import_05052026;Artikelnummern.csv;Datenbank_Import_05052026.csv;301901;PBMC;
missing_in_Datenbank_Import_05052026;Artikelnummern.csv;Datenbank_Import_05052026.csv;305152;PC-12 (undifferentiated)  Suspension;
missing_in_Datenbank_Import_05052026;Artikelnummern.csv;Datenbank_Import_05052026.csv;300314;PDEC;
missing_in_Datenbank_Import_05052026;Artikelnummern.csv;Datenbank_Import_05052026.csv;607427;Porc1;
missing_in_Datenbank_Import_05052026;Artikelnummern.csv;Datenbank_Import_05052026.csv;607428;Porc2;
missing_in_Datenbank_Import_05052026;Artikelnummern.csv;Datenbank_Import_05052026.csv;607429;Porc4;
missing_in_Datenbank_Import_05052026;Artikelnummern.csv;Datenbank_Import_05052026.csv;300233;RC-142;
missing_in_Datenbank_Import_05052026;Artikelnummern.csv;Datenbank_Import_05052026.csv;302226;RF/6A;
missing_in_Datenbank_Import_05052026;Artikelnummern.csv;Datenbank_Import_05052026.csv;305536;SBC-2;
missing_in_Datenbank_Import_05052026;Artikelnummern.csv;Datenbank_Import_05052026.csv;603481;sciCHO (CHO-K1-S);
missing_in_Datenbank_Import_05052026;Artikelnummern.csv;Datenbank_Import_05052026.csv;603483;sciCHO (CHO-K1-S);
missing_in_Datenbank_Import_05052026;Artikelnummern.csv;Datenbank_Import_05052026.csv;613481;sciCHO, electro-competent;
missing_in_Datenbank_Import_05052026;Artikelnummern.csv;Datenbank_Import_05052026.csv;300171;SCLC-16H - entspricht SCLC-21H;
missing_in_Datenbank_Import_05052026;Artikelnummern.csv;Datenbank_Import_05052026.csv;305596;SDOW-17;
missing_in_Datenbank_Import_05052026;Artikelnummern.csv;Datenbank_Import_05052026.csv;304191;T Lyphozyten, human, aus Buffy coat isloiert;
missing_in_Datenbank_Import_05052026;Artikelnummern.csv;Datenbank_Import_05052026.csv;820900;TC 100 Insekten Medium, mit L-Glutamin, Gentamicin und 10% FBS (für SF9);
missing_in_Datenbank_Import_05052026;Artikelnummern.csv;Datenbank_Import_05052026.csv;300301;TNC;
missing_in_Datenbank_Import_05052026;Artikelnummern.csv;Datenbank_Import_05052026.csv;302203;Tu Colon;
missing_in_Datenbank_Import_05052026;Artikelnummern.csv;Datenbank_Import_05052026.csv;305239;UMR-196;
missing_in_Datenbank_Import_05052026;Artikelnummern.csv;Datenbank_Import_05052026.csv;305650;USC (diverse Spender);
missing_in_Datenbank_Import_05052026;Artikelnummern.csv;Datenbank_Import_05052026.csv;302227;VERO;
missing_in_Datenbank_Import_05052026;Artikelnummern.csv;Datenbank_Import_05052026.csv;302228;Vero E6;
missing_in_Datenbank_Import_05052026;Artikelnummern.csv;Datenbank_Import_05052026.csv;302202;W-Arc;
missing_in_Datenbank_Import_05052026;Artikelnummern.csv;Datenbank_Import_05052026.csv;410376;WEHI-3b-CDM;
missing_in_Datenbank_Import_05052026;Artikelnummern.csv;Datenbank_Import_05052026.csv;830100;;
missing_in_Datenbank_Import_05052026;Artikelnummern.csv;Datenbank_Import_05052026.csv;830500;;
missing_in_Datenbank_Import_05052026;Artikelnummern.csv;Datenbank_Import_05052026.csv;305303;;
missing_in_Datenbank_Import_05052026;Artikelnummern.csv;Datenbank_Import_05052026.csv;840200;;
missing_in_Datenbank_Import_05052026;Artikelnummern.csv;Datenbank_Import_05052026.csv;831100;;
missing_in_Datenbank_Import_05052026;Artikelnummern.csv;Datenbank_Import_05052026.csv;800150;;
missing_in_Datenbank_Import_05052026;Artikelnummern.csv;Datenbank_Import_05052026.csv;800125;;
missing_in_Datenbank_Import_05052026;Artikelnummern.csv;Datenbank_Import_05052026.csv;831105;;
missing_in_Datenbank_Import_05052026;Artikelnummern.csv;Datenbank_Import_05052026.csv;820400;;
missing_in_Datenbank_Import_05052026;Artikelnummern.csv;Datenbank_Import_05052026.csv;820401;;
missing_in_Datenbank_Import_05052026;Artikelnummern.csv;Datenbank_Import_05052026.csv;820200;;
missing_in_Datenbank_Import_05052026;Artikelnummern.csv;Datenbank_Import_05052026.csv;820300;;
missing_in_Datenbank_Import_05052026;Artikelnummern.csv;Datenbank_Import_05052026.csv;820100;;
missing_in_Datenbank_Import_05052026;Artikelnummern.csv;Datenbank_Import_05052026.csv;302198;;
missing_in_Datenbank_Import_05052026;Artikelnummern.csv;Datenbank_Import_05052026.csv;302199;;
missing_in_Datenbank_Import_05052026;Artikelnummern.csv;Datenbank_Import_05052026.csv;810350;;
missing_in_Datenbank_Import_05052026;Artikelnummern.csv;Datenbank_Import_05052026.csv;810450;;
missing_in_Datenbank_Import_05052026;Artikelnummern.csv;Datenbank_Import_05052026.csv;810650;;
missing_in_Datenbank_Import_05052026;Artikelnummern.csv;Datenbank_Import_05052026.csv;810550;;
missing_in_Datenbank_Import_05052026;Artikelnummern.csv;Datenbank_Import_05052026.csv;810250;;
missing_in_Datenbank_Import_05052026;Artikelnummern.csv;Datenbank_Import_05052026.csv;810150;;
missing_in_Datenbank_Import_05052026;Artikelnummern.csv;Datenbank_Import_05052026.csv;820500;;
missing_in_Datenbank_Import_05052026;Artikelnummern.csv;Datenbank_Import_05052026.csv;820600;;
missing_in_Datenbank_Import_05052026;Artikelnummern.csv;Datenbank_Import_05052026.csv;820800;;
missing_in_Datenbank_Import_05052026;Artikelnummern.csv;Datenbank_Import_05052026.csv;831103;;
missing_in_Datenbank_Import_05052026;Artikelnummern.csv;Datenbank_Import_05052026.csv;831104;;
missing_in_Datenbank_Import_05052026;Artikelnummern.csv;Datenbank_Import_05052026.csv;400430;;
missing_in_Datenbank_Import_05052026;Artikelnummern.csv;Datenbank_Import_05052026.csv;500480;;
missing_in_Datenbank_Import_05052026;Artikelnummern.csv;Datenbank_Import_05052026.csv;840100;;
missing_in_Datenbank_Import_05052026;Artikelnummern.csv;Datenbank_Import_05052026.csv;820700;;
missing_in_Datenbank_Import_05052026;Artikelnummern.csv;Datenbank_Import_05052026.csv;820750;;
missing_in_Datenbank_Import_05052026;Artikelnummern.csv;Datenbank_Import_05052026.csv;831101;;
missing_in_Datenbank_Import_05052026;Artikelnummern.csv;Datenbank_Import_05052026.csv;831102;;
missing_in_Datenbank_Import_05052026;Artikelnummern.csv;Datenbank_Import_05052026.csv;301900;;
missing_in_Datenbank_Import_05052026;Artikelnummern.csv;Datenbank_Import_05052026.csv;850813;;
missing_in_Datenbank_Import_05052026;Artikelnummern.csv;Datenbank_Import_05052026.csv;300170;;
missing_in_Datenbank_Import_05052026;Artikelnummern.csv;Datenbank_Import_05052026.csv;300207;;
missing_in_Datenbank_Import_05052026;Artikelnummern.csv;Datenbank_Import_05052026.csv;300284;;
missing_in_Datenbank_Import_05052026;Artikelnummern.csv;Datenbank_Import_05052026.csv;300369;;
missing_in_Datenbank_Import_05052026;Artikelnummern.csv;Datenbank_Import_05052026.csv;300459;;
missing_in_Datenbank_Import_05052026;Artikelnummern.csv;Datenbank_Import_05052026.csv;300468;;
missing_in_Datenbank_Import_05052026;Artikelnummern.csv;Datenbank_Import_05052026.csv;300488;;
missing_in_Datenbank_Import_05052026;Artikelnummern.csv;Datenbank_Import_05052026.csv;300600;;
missing_in_Datenbank_Import_05052026;Artikelnummern.csv;Datenbank_Import_05052026.csv;300601;;
missing_in_Datenbank_Import_05052026;Artikelnummern.csv;Datenbank_Import_05052026.csv;300602;;
missing_in_Datenbank_Import_05052026;Artikelnummern.csv;Datenbank_Import_05052026.csv;300603;;
missing_in_Datenbank_Import_05052026;Artikelnummern.csv;Datenbank_Import_05052026.csv;300610;;
missing_in_Datenbank_Import_05052026;Artikelnummern.csv;Datenbank_Import_05052026.csv;300611;;
missing_in_Datenbank_Import_05052026;Artikelnummern.csv;Datenbank_Import_05052026.csv;300612;;
missing_in_Datenbank_Import_05052026;Artikelnummern.csv;Datenbank_Import_05052026.csv;300616;;
missing_in_Datenbank_Import_05052026;Artikelnummern.csv;Datenbank_Import_05052026.csv;300617;;
missing_in_Datenbank_Import_05052026;Artikelnummern.csv;Datenbank_Import_05052026.csv;300618;;
missing_in_Datenbank_Import_05052026;Artikelnummern.csv;Datenbank_Import_05052026.csv;300619;;
missing_in_Datenbank_Import_05052026;Artikelnummern.csv;Datenbank_Import_05052026.csv;300620;;
missing_in_Datenbank_Import_05052026;Artikelnummern.csv;Datenbank_Import_05052026.csv;300621;;
missing_in_Datenbank_Import_05052026;Artikelnummern.csv;Datenbank_Import_05052026.csv;300627;;
missing_in_Datenbank_Import_05052026;Artikelnummern.csv;Datenbank_Import_05052026.csv;300629;;
missing_in_Datenbank_Import_05052026;Artikelnummern.csv;Datenbank_Import_05052026.csv;300630;;
missing_in_Datenbank_Import_05052026;Artikelnummern.csv;Datenbank_Import_05052026.csv;300633;;
missing_in_Datenbank_Import_05052026;Artikelnummern.csv;Datenbank_Import_05052026.csv;300634;;
missing_in_Datenbank_Import_05052026;Artikelnummern.csv;Datenbank_Import_05052026.csv;300636;;
missing_in_Datenbank_Import_05052026;Artikelnummern.csv;Datenbank_Import_05052026.csv;300637;;
missing_in_Datenbank_Import_05052026;Artikelnummern.csv;Datenbank_Import_05052026.csv;300650;;
missing_in_Datenbank_Import_05052026;Artikelnummern.csv;Datenbank_Import_05052026.csv;300661;;
missing_in_Datenbank_Import_05052026;Artikelnummern.csv;Datenbank_Import_05052026.csv;300672;;
missing_in_Datenbank_Import_05052026;Artikelnummern.csv;Datenbank_Import_05052026.csv;300677;;
missing_in_Datenbank_Import_05052026;Artikelnummern.csv;Datenbank_Import_05052026.csv;300678;;
missing_in_Datenbank_Import_05052026;Artikelnummern.csv;Datenbank_Import_05052026.csv;300679;;
missing_in_Datenbank_Import_05052026;Artikelnummern.csv;Datenbank_Import_05052026.csv;300680;;
missing_in_Datenbank_Import_05052026;Artikelnummern.csv;Datenbank_Import_05052026.csv;300681;;
missing_in_Datenbank_Import_05052026;Artikelnummern.csv;Datenbank_Import_05052026.csv;300682;;
missing_in_Datenbank_Import_05052026;Artikelnummern.csv;Datenbank_Import_05052026.csv;300683;;
missing_in_Datenbank_Import_05052026;Artikelnummern.csv;Datenbank_Import_05052026.csv;300684;;
missing_in_Datenbank_Import_05052026;Artikelnummern.csv;Datenbank_Import_05052026.csv;300688;;
missing_in_Datenbank_Import_05052026;Artikelnummern.csv;Datenbank_Import_05052026.csv;300689;;
missing_in_Datenbank_Import_05052026;Artikelnummern.csv;Datenbank_Import_05052026.csv;300690;;
missing_in_Datenbank_Import_05052026;Artikelnummern.csv;Datenbank_Import_05052026.csv;300698;;
missing_in_Datenbank_Import_05052026;Artikelnummern.csv;Datenbank_Import_05052026.csv;300699;;
missing_in_Datenbank_Import_05052026;Artikelnummern.csv;Datenbank_Import_05052026.csv;300700;;
missing_in_Datenbank_Import_05052026;Artikelnummern.csv;Datenbank_Import_05052026.csv;300704;;
missing_in_Datenbank_Import_05052026;Artikelnummern.csv;Datenbank_Import_05052026.csv;300705;;
missing_in_Datenbank_Import_05052026;Artikelnummern.csv;Datenbank_Import_05052026.csv;300706;;
missing_in_Datenbank_Import_05052026;Artikelnummern.csv;Datenbank_Import_05052026.csv;300707;;
missing_in_Datenbank_Import_05052026;Artikelnummern.csv;Datenbank_Import_05052026.csv;300708;;
missing_in_Datenbank_Import_05052026;Artikelnummern.csv;Datenbank_Import_05052026.csv;300710;;
missing_in_Datenbank_Import_05052026;Artikelnummern.csv;Datenbank_Import_05052026.csv;300729;;
missing_in_Datenbank_Import_05052026;Artikelnummern.csv;Datenbank_Import_05052026.csv;300730;;
missing_in_Datenbank_Import_05052026;Artikelnummern.csv;Datenbank_Import_05052026.csv;300760;;
missing_in_Datenbank_Import_05052026;Artikelnummern.csv;Datenbank_Import_05052026.csv;300761;;
missing_in_Datenbank_Import_05052026;Artikelnummern.csv;Datenbank_Import_05052026.csv;300762;;
missing_in_Datenbank_Import_05052026;Artikelnummern.csv;Datenbank_Import_05052026.csv;300763;;
missing_in_Datenbank_Import_05052026;Artikelnummern.csv;Datenbank_Import_05052026.csv;300769;;
missing_in_Datenbank_Import_05052026;Artikelnummern.csv;Datenbank_Import_05052026.csv;300790;;
missing_in_Datenbank_Import_05052026;Artikelnummern.csv;Datenbank_Import_05052026.csv;300791;;
missing_in_Datenbank_Import_05052026;Artikelnummern.csv;Datenbank_Import_05052026.csv;300792;;
missing_in_Datenbank_Import_05052026;Artikelnummern.csv;Datenbank_Import_05052026.csv;300794;;
missing_in_Datenbank_Import_05052026;Artikelnummern.csv;Datenbank_Import_05052026.csv;300795;;
missing_in_Datenbank_Import_05052026;Artikelnummern.csv;Datenbank_Import_05052026.csv;300796;;
missing_in_Datenbank_Import_05052026;Artikelnummern.csv;Datenbank_Import_05052026.csv;300797;;
missing_in_Datenbank_Import_05052026;Artikelnummern.csv;Datenbank_Import_05052026.csv;300798;;
missing_in_Datenbank_Import_05052026;Artikelnummern.csv;Datenbank_Import_05052026.csv;300833;;
missing_in_Datenbank_Import_05052026;Artikelnummern.csv;Datenbank_Import_05052026.csv;300841;;
missing_in_Datenbank_Import_05052026;Artikelnummern.csv;Datenbank_Import_05052026.csv;300842;;
missing_in_Datenbank_Import_05052026;Artikelnummern.csv;Datenbank_Import_05052026.csv;300843;;
missing_in_Datenbank_Import_05052026;Artikelnummern.csv;Datenbank_Import_05052026.csv;300844;;
missing_in_Datenbank_Import_05052026;Artikelnummern.csv;Datenbank_Import_05052026.csv;300847;;
missing_in_Datenbank_Import_05052026;Artikelnummern.csv;Datenbank_Import_05052026.csv;300885;;
missing_in_Datenbank_Import_05052026;Artikelnummern.csv;Datenbank_Import_05052026.csv;300886;;
missing_in_Datenbank_Import_05052026;Artikelnummern.csv;Datenbank_Import_05052026.csv;300887;;
missing_in_Datenbank_Import_05052026;Artikelnummern.csv;Datenbank_Import_05052026.csv;300888;;
missing_in_Datenbank_Import_05052026;Artikelnummern.csv;Datenbank_Import_05052026.csv;300889;;
missing_in_Datenbank_Import_05052026;Artikelnummern.csv;Datenbank_Import_05052026.csv;300890;;
missing_in_Datenbank_Import_05052026;Artikelnummern.csv;Datenbank_Import_05052026.csv;300891;;
missing_in_Datenbank_Import_05052026;Artikelnummern.csv;Datenbank_Import_05052026.csv;300892;;
missing_in_Datenbank_Import_05052026;Artikelnummern.csv;Datenbank_Import_05052026.csv;300893;;
missing_in_Datenbank_Import_05052026;Artikelnummern.csv;Datenbank_Import_05052026.csv;300894;;
missing_in_Datenbank_Import_05052026;Artikelnummern.csv;Datenbank_Import_05052026.csv;300895;;
missing_in_Datenbank_Import_05052026;Artikelnummern.csv;Datenbank_Import_05052026.csv;300896;;
missing_in_Datenbank_Import_05052026;Artikelnummern.csv;Datenbank_Import_05052026.csv;300900;;
missing_in_Datenbank_Import_05052026;Artikelnummern.csv;Datenbank_Import_05052026.csv;300907;;
missing_in_Datenbank_Import_05052026;Artikelnummern.csv;Datenbank_Import_05052026.csv;300908;;
missing_in_Datenbank_Import_05052026;Artikelnummern.csv;Datenbank_Import_05052026.csv;300911;;
missing_in_Datenbank_Import_05052026;Artikelnummern.csv;Datenbank_Import_05052026.csv;300912;;
missing_in_Datenbank_Import_05052026;Artikelnummern.csv;Datenbank_Import_05052026.csv;300913;;
missing_in_Datenbank_Import_05052026;Artikelnummern.csv;Datenbank_Import_05052026.csv;300915;;
missing_in_Datenbank_Import_05052026;Artikelnummern.csv;Datenbank_Import_05052026.csv;300916;;
missing_in_Datenbank_Import_05052026;Artikelnummern.csv;Datenbank_Import_05052026.csv;300917;;
missing_in_Datenbank_Import_05052026;Artikelnummern.csv;Datenbank_Import_05052026.csv;300918;;
missing_in_Datenbank_Import_05052026;Artikelnummern.csv;Datenbank_Import_05052026.csv;300922;;
missing_in_Datenbank_Import_05052026;Artikelnummern.csv;Datenbank_Import_05052026.csv;300923;;
missing_in_Datenbank_Import_05052026;Artikelnummern.csv;Datenbank_Import_05052026.csv;300924;;
missing_in_Datenbank_Import_05052026;Artikelnummern.csv;Datenbank_Import_05052026.csv;300925;;
missing_in_Datenbank_Import_05052026;Artikelnummern.csv;Datenbank_Import_05052026.csv;300926;;
missing_in_Datenbank_Import_05052026;Artikelnummern.csv;Datenbank_Import_05052026.csv;300927;;
missing_in_Datenbank_Import_05052026;Artikelnummern.csv;Datenbank_Import_05052026.csv;300928;;
missing_in_Datenbank_Import_05052026;Artikelnummern.csv;Datenbank_Import_05052026.csv;300929;;
missing_in_Datenbank_Import_05052026;Artikelnummern.csv;Datenbank_Import_05052026.csv;300930;;
missing_in_Datenbank_Import_05052026;Artikelnummern.csv;Datenbank_Import_05052026.csv;300943;;
missing_in_Datenbank_Import_05052026;Artikelnummern.csv;Datenbank_Import_05052026.csv;300944;;
missing_in_Datenbank_Import_05052026;Artikelnummern.csv;Datenbank_Import_05052026.csv;300945;;
missing_in_Datenbank_Import_05052026;Artikelnummern.csv;Datenbank_Import_05052026.csv;300946;;
missing_in_Datenbank_Import_05052026;Artikelnummern.csv;Datenbank_Import_05052026.csv;300947;;
missing_in_Datenbank_Import_05052026;Artikelnummern.csv;Datenbank_Import_05052026.csv;300948;;
missing_in_Datenbank_Import_05052026;Artikelnummern.csv;Datenbank_Import_05052026.csv;300949;;
missing_in_Datenbank_Import_05052026;Artikelnummern.csv;Datenbank_Import_05052026.csv;300950;;
missing_in_Datenbank_Import_05052026;Artikelnummern.csv;Datenbank_Import_05052026.csv;300951;;
missing_in_Datenbank_Import_05052026;Artikelnummern.csv;Datenbank_Import_05052026.csv;300952;;
missing_in_Datenbank_Import_05052026;Artikelnummern.csv;Datenbank_Import_05052026.csv;300953;;
missing_in_Datenbank_Import_05052026;Artikelnummern.csv;Datenbank_Import_05052026.csv;300954;;
missing_in_Datenbank_Import_05052026;Artikelnummern.csv;Datenbank_Import_05052026.csv;300955;;
missing_in_Datenbank_Import_05052026;Artikelnummern.csv;Datenbank_Import_05052026.csv;300956;;
missing_in_Datenbank_Import_05052026;Artikelnummern.csv;Datenbank_Import_05052026.csv;300957;;
missing_in_Datenbank_Import_05052026;Artikelnummern.csv;Datenbank_Import_05052026.csv;300958;;
missing_in_Datenbank_Import_05052026;Artikelnummern.csv;Datenbank_Import_05052026.csv;300959;;
missing_in_Datenbank_Import_05052026;Artikelnummern.csv;Datenbank_Import_05052026.csv;300960;;
missing_in_Datenbank_Import_05052026;Artikelnummern.csv;Datenbank_Import_05052026.csv;300961;;
missing_in_Datenbank_Import_05052026;Artikelnummern.csv;Datenbank_Import_05052026.csv;300962;;
missing_in_Datenbank_Import_05052026;Artikelnummern.csv;Datenbank_Import_05052026.csv;300963;;
missing_in_Datenbank_Import_05052026;Artikelnummern.csv;Datenbank_Import_05052026.csv;300964;;
missing_in_Datenbank_Import_05052026;Artikelnummern.csv;Datenbank_Import_05052026.csv;300965;;
missing_in_Datenbank_Import_05052026;Artikelnummern.csv;Datenbank_Import_05052026.csv;300966;;
missing_in_Datenbank_Import_05052026;Artikelnummern.csv;Datenbank_Import_05052026.csv;300967;;
missing_in_Datenbank_Import_05052026;Artikelnummern.csv;Datenbank_Import_05052026.csv;300968;;
missing_in_Datenbank_Import_05052026;Artikelnummern.csv;Datenbank_Import_05052026.csv;300969;;
missing_in_Datenbank_Import_05052026;Artikelnummern.csv;Datenbank_Import_05052026.csv;300970;;
missing_in_Datenbank_Import_05052026;Artikelnummern.csv;Datenbank_Import_05052026.csv;300971;;
missing_in_Datenbank_Import_05052026;Artikelnummern.csv;Datenbank_Import_05052026.csv;300972;;
missing_in_Datenbank_Import_05052026;Artikelnummern.csv;Datenbank_Import_05052026.csv;300973;;
missing_in_Datenbank_Import_05052026;Artikelnummern.csv;Datenbank_Import_05052026.csv;300974;;
missing_in_Datenbank_Import_05052026;Artikelnummern.csv;Datenbank_Import_05052026.csv;300975;;
missing_in_Datenbank_Import_05052026;Artikelnummern.csv;Datenbank_Import_05052026.csv;300976;;
missing_in_Datenbank_Import_05052026;Artikelnummern.csv;Datenbank_Import_05052026.csv;300977;;
missing_in_Datenbank_Import_05052026;Artikelnummern.csv;Datenbank_Import_05052026.csv;300978;;
missing_in_Datenbank_Import_05052026;Artikelnummern.csv;Datenbank_Import_05052026.csv;300979;;
missing_in_Datenbank_Import_05052026;Artikelnummern.csv;Datenbank_Import_05052026.csv;300980;;
missing_in_Datenbank_Import_05052026;Artikelnummern.csv;Datenbank_Import_05052026.csv;300981;;
missing_in_Datenbank_Import_05052026;Artikelnummern.csv;Datenbank_Import_05052026.csv;300982;;
missing_in_Datenbank_Import_05052026;Artikelnummern.csv;Datenbank_Import_05052026.csv;300983;;
missing_in_Datenbank_Import_05052026;Artikelnummern.csv;Datenbank_Import_05052026.csv;300984;;
missing_in_Datenbank_Import_05052026;Artikelnummern.csv;Datenbank_Import_05052026.csv;300985;;
missing_in_Datenbank_Import_05052026;Artikelnummern.csv;Datenbank_Import_05052026.csv;300987;;
missing_in_Datenbank_Import_05052026;Artikelnummern.csv;Datenbank_Import_05052026.csv;300988;;
missing_in_Datenbank_Import_05052026;Artikelnummern.csv;Datenbank_Import_05052026.csv;300989;;
missing_in_Datenbank_Import_05052026;Artikelnummern.csv;Datenbank_Import_05052026.csv;300990;;
missing_in_Datenbank_Import_05052026;Artikelnummern.csv;Datenbank_Import_05052026.csv;300991;;
missing_in_Datenbank_Import_05052026;Artikelnummern.csv;Datenbank_Import_05052026.csv;300992;;
missing_in_Datenbank_Import_05052026;Artikelnummern.csv;Datenbank_Import_05052026.csv;300993;;
missing_in_Datenbank_Import_05052026;Artikelnummern.csv;Datenbank_Import_05052026.csv;300994;;
missing_in_Datenbank_Import_05052026;Artikelnummern.csv;Datenbank_Import_05052026.csv;300995;;
missing_in_Datenbank_Import_05052026;Artikelnummern.csv;Datenbank_Import_05052026.csv;300996;;
missing_in_Datenbank_Import_05052026;Artikelnummern.csv;Datenbank_Import_05052026.csv;300997;;
missing_in_Datenbank_Import_05052026;Artikelnummern.csv;Datenbank_Import_05052026.csv;300998;;
missing_in_Datenbank_Import_05052026;Artikelnummern.csv;Datenbank_Import_05052026.csv;300999;;
missing_in_Datenbank_Import_05052026;Artikelnummern.csv;Datenbank_Import_05052026.csv;301000;;
missing_in_Datenbank_Import_05052026;Artikelnummern.csv;Datenbank_Import_05052026.csv;301001;;
missing_in_Datenbank_Import_05052026;Artikelnummern.csv;Datenbank_Import_05052026.csv;301002;;
missing_in_Datenbank_Import_05052026;Artikelnummern.csv;Datenbank_Import_05052026.csv;301003;;
missing_in_Datenbank_Import_05052026;Artikelnummern.csv;Datenbank_Import_05052026.csv;301004;;
missing_in_Datenbank_Import_05052026;Artikelnummern.csv;Datenbank_Import_05052026.csv;301005;;
missing_in_Datenbank_Import_05052026;Artikelnummern.csv;Datenbank_Import_05052026.csv;301006;;
missing_in_Datenbank_Import_05052026;Artikelnummern.csv;Datenbank_Import_05052026.csv;301007;;
missing_in_Datenbank_Import_05052026;Artikelnummern.csv;Datenbank_Import_05052026.csv;301008;;
missing_in_Datenbank_Import_05052026;Artikelnummern.csv;Datenbank_Import_05052026.csv;301009;;
missing_in_Datenbank_Import_05052026;Artikelnummern.csv;Datenbank_Import_05052026.csv;301010;;
missing_in_Datenbank_Import_05052026;Artikelnummern.csv;Datenbank_Import_05052026.csv;301011;;
missing_in_Datenbank_Import_05052026;Artikelnummern.csv;Datenbank_Import_05052026.csv;301012;;
missing_in_Datenbank_Import_05052026;Artikelnummern.csv;Datenbank_Import_05052026.csv;301013;;
missing_in_Datenbank_Import_05052026;Artikelnummern.csv;Datenbank_Import_05052026.csv;301014;;
missing_in_Datenbank_Import_05052026;Artikelnummern.csv;Datenbank_Import_05052026.csv;301015;;
missing_in_Datenbank_Import_05052026;Artikelnummern.csv;Datenbank_Import_05052026.csv;301016;;
missing_in_Datenbank_Import_05052026;Artikelnummern.csv;Datenbank_Import_05052026.csv;301017;;
missing_in_Datenbank_Import_05052026;Artikelnummern.csv;Datenbank_Import_05052026.csv;301018;;
missing_in_Datenbank_Import_05052026;Artikelnummern.csv;Datenbank_Import_05052026.csv;301019;;
missing_in_Datenbank_Import_05052026;Artikelnummern.csv;Datenbank_Import_05052026.csv;301020;;
missing_in_Datenbank_Import_05052026;Artikelnummern.csv;Datenbank_Import_05052026.csv;301021;;
missing_in_Datenbank_Import_05052026;Artikelnummern.csv;Datenbank_Import_05052026.csv;301022;;
missing_in_Datenbank_Import_05052026;Artikelnummern.csv;Datenbank_Import_05052026.csv;301023;;
missing_in_Datenbank_Import_05052026;Artikelnummern.csv;Datenbank_Import_05052026.csv;301024;;
missing_in_Datenbank_Import_05052026;Artikelnummern.csv;Datenbank_Import_05052026.csv;301025;;
missing_in_Datenbank_Import_05052026;Artikelnummern.csv;Datenbank_Import_05052026.csv;301026;;
missing_in_Datenbank_Import_05052026;Artikelnummern.csv;Datenbank_Import_05052026.csv;301027;;
missing_in_Datenbank_Import_05052026;Artikelnummern.csv;Datenbank_Import_05052026.csv;301028;;
missing_in_Datenbank_Import_05052026;Artikelnummern.csv;Datenbank_Import_05052026.csv;301029;;
missing_in_Datenbank_Import_05052026;Artikelnummern.csv;Datenbank_Import_05052026.csv;301030;;
missing_in_Datenbank_Import_05052026;Artikelnummern.csv;Datenbank_Import_05052026.csv;301031;;
missing_in_Datenbank_Import_05052026;Artikelnummern.csv;Datenbank_Import_05052026.csv;301032;;
missing_in_Datenbank_Import_05052026;Artikelnummern.csv;Datenbank_Import_05052026.csv;301033;;
missing_in_Datenbank_Import_05052026;Artikelnummern.csv;Datenbank_Import_05052026.csv;301034;;
missing_in_Datenbank_Import_05052026;Artikelnummern.csv;Datenbank_Import_05052026.csv;301035;;
missing_in_Datenbank_Import_05052026;Artikelnummern.csv;Datenbank_Import_05052026.csv;301036;;
missing_in_Datenbank_Import_05052026;Artikelnummern.csv;Datenbank_Import_05052026.csv;301037;;
missing_in_Datenbank_Import_05052026;Artikelnummern.csv;Datenbank_Import_05052026.csv;301038;;
missing_in_Datenbank_Import_05052026;Artikelnummern.csv;Datenbank_Import_05052026.csv;301039;;
missing_in_Datenbank_Import_05052026;Artikelnummern.csv;Datenbank_Import_05052026.csv;301040;;
missing_in_Datenbank_Import_05052026;Artikelnummern.csv;Datenbank_Import_05052026.csv;301041;;
missing_in_Datenbank_Import_05052026;Artikelnummern.csv;Datenbank_Import_05052026.csv;301042;;
missing_in_Datenbank_Import_05052026;Artikelnummern.csv;Datenbank_Import_05052026.csv;301043;;
missing_in_Datenbank_Import_05052026;Artikelnummern.csv;Datenbank_Import_05052026.csv;301044;;
missing_in_Datenbank_Import_05052026;Artikelnummern.csv;Datenbank_Import_05052026.csv;301045;;
missing_in_Datenbank_Import_05052026;Artikelnummern.csv;Datenbank_Import_05052026.csv;301046;;
missing_in_Datenbank_Import_05052026;Artikelnummern.csv;Datenbank_Import_05052026.csv;301047;;
missing_in_Datenbank_Import_05052026;Artikelnummern.csv;Datenbank_Import_05052026.csv;301048;;
missing_in_Datenbank_Import_05052026;Artikelnummern.csv;Datenbank_Import_05052026.csv;301049;;
missing_in_Datenbank_Import_05052026;Artikelnummern.csv;Datenbank_Import_05052026.csv;301050;;
missing_in_Datenbank_Import_05052026;Artikelnummern.csv;Datenbank_Import_05052026.csv;301051;;
missing_in_Datenbank_Import_05052026;Artikelnummern.csv;Datenbank_Import_05052026.csv;301052;;
missing_in_Datenbank_Import_05052026;Artikelnummern.csv;Datenbank_Import_05052026.csv;301053;;
missing_in_Datenbank_Import_05052026;Artikelnummern.csv;Datenbank_Import_05052026.csv;301054;;
missing_in_Datenbank_Import_05052026;Artikelnummern.csv;Datenbank_Import_05052026.csv;301055;;
missing_in_Datenbank_Import_05052026;Artikelnummern.csv;Datenbank_Import_05052026.csv;301056;;
missing_in_Datenbank_Import_05052026;Artikelnummern.csv;Datenbank_Import_05052026.csv;301057;;
missing_in_Datenbank_Import_05052026;Artikelnummern.csv;Datenbank_Import_05052026.csv;301058;;
missing_in_Datenbank_Import_05052026;Artikelnummern.csv;Datenbank_Import_05052026.csv;301059;;
missing_in_Datenbank_Import_05052026;Artikelnummern.csv;Datenbank_Import_05052026.csv;301060;;
missing_in_Datenbank_Import_05052026;Artikelnummern.csv;Datenbank_Import_05052026.csv;301061;;
missing_in_Datenbank_Import_05052026;Artikelnummern.csv;Datenbank_Import_05052026.csv;301062;;
missing_in_Datenbank_Import_05052026;Artikelnummern.csv;Datenbank_Import_05052026.csv;301063;;
missing_in_Datenbank_Import_05052026;Artikelnummern.csv;Datenbank_Import_05052026.csv;301064;;
missing_in_Datenbank_Import_05052026;Artikelnummern.csv;Datenbank_Import_05052026.csv;301065;;
missing_in_Datenbank_Import_05052026;Artikelnummern.csv;Datenbank_Import_05052026.csv;301066;;
missing_in_Datenbank_Import_05052026;Artikelnummern.csv;Datenbank_Import_05052026.csv;301067;;
missing_in_Datenbank_Import_05052026;Artikelnummern.csv;Datenbank_Import_05052026.csv;301068;;
missing_in_Datenbank_Import_05052026;Artikelnummern.csv;Datenbank_Import_05052026.csv;301069;;
missing_in_Datenbank_Import_05052026;Artikelnummern.csv;Datenbank_Import_05052026.csv;301070;;
missing_in_Datenbank_Import_05052026;Artikelnummern.csv;Datenbank_Import_05052026.csv;301071;;
missing_in_Datenbank_Import_05052026;Artikelnummern.csv;Datenbank_Import_05052026.csv;301072;;
missing_in_Datenbank_Import_05052026;Artikelnummern.csv;Datenbank_Import_05052026.csv;301073;;
missing_in_Datenbank_Import_05052026;Artikelnummern.csv;Datenbank_Import_05052026.csv;301074;;
missing_in_Datenbank_Import_05052026;Artikelnummern.csv;Datenbank_Import_05052026.csv;301075;;
missing_in_Datenbank_Import_05052026;Artikelnummern.csv;Datenbank_Import_05052026.csv;301076;;
missing_in_Datenbank_Import_05052026;Artikelnummern.csv;Datenbank_Import_05052026.csv;301077;;
missing_in_Datenbank_Import_05052026;Artikelnummern.csv;Datenbank_Import_05052026.csv;301078;;
missing_in_Datenbank_Import_05052026;Artikelnummern.csv;Datenbank_Import_05052026.csv;301079;;
missing_in_Datenbank_Import_05052026;Artikelnummern.csv;Datenbank_Import_05052026.csv;301080;;
missing_in_Datenbank_Import_05052026;Artikelnummern.csv;Datenbank_Import_05052026.csv;301081;;
missing_in_Datenbank_Import_05052026;Artikelnummern.csv;Datenbank_Import_05052026.csv;301082;;
missing_in_Datenbank_Import_05052026;Artikelnummern.csv;Datenbank_Import_05052026.csv;301083;;
missing_in_Datenbank_Import_05052026;Artikelnummern.csv;Datenbank_Import_05052026.csv;301084;;
missing_in_Datenbank_Import_05052026;Artikelnummern.csv;Datenbank_Import_05052026.csv;301085;;
missing_in_Datenbank_Import_05052026;Artikelnummern.csv;Datenbank_Import_05052026.csv;301086;;
missing_in_Datenbank_Import_05052026;Artikelnummern.csv;Datenbank_Import_05052026.csv;301087;;
missing_in_Datenbank_Import_05052026;Artikelnummern.csv;Datenbank_Import_05052026.csv;301088;;
missing_in_Datenbank_Import_05052026;Artikelnummern.csv;Datenbank_Import_05052026.csv;301089;;
missing_in_Datenbank_Import_05052026;Artikelnummern.csv;Datenbank_Import_05052026.csv;301090;;
missing_in_Datenbank_Import_05052026;Artikelnummern.csv;Datenbank_Import_05052026.csv;301091;;
missing_in_Datenbank_Import_05052026;Artikelnummern.csv;Datenbank_Import_05052026.csv;301092;;
missing_in_Datenbank_Import_05052026;Artikelnummern.csv;Datenbank_Import_05052026.csv;301093;;
missing_in_Datenbank_Import_05052026;Artikelnummern.csv;Datenbank_Import_05052026.csv;301094;;
missing_in_Datenbank_Import_05052026;Artikelnummern.csv;Datenbank_Import_05052026.csv;301095;;
missing_in_Datenbank_Import_05052026;Artikelnummern.csv;Datenbank_Import_05052026.csv;301096;;
missing_in_Datenbank_Import_05052026;Artikelnummern.csv;Datenbank_Import_05052026.csv;301097;;
missing_in_Datenbank_Import_05052026;Artikelnummern.csv;Datenbank_Import_05052026.csv;301098;;
missing_in_Datenbank_Import_05052026;Artikelnummern.csv;Datenbank_Import_05052026.csv;301099;;
missing_in_Datenbank_Import_05052026;Artikelnummern.csv;Datenbank_Import_05052026.csv;301109;;
missing_in_Datenbank_Import_05052026;Artikelnummern.csv;Datenbank_Import_05052026.csv;301172;;
missing_in_Datenbank_Import_05052026;Artikelnummern.csv;Datenbank_Import_05052026.csv;301173;;
missing_in_Datenbank_Import_05052026;Artikelnummern.csv;Datenbank_Import_05052026.csv;301174;;
missing_in_Datenbank_Import_05052026;Artikelnummern.csv;Datenbank_Import_05052026.csv;301175;;
missing_in_Datenbank_Import_05052026;Artikelnummern.csv;Datenbank_Import_05052026.csv;301176;;
missing_in_Datenbank_Import_05052026;Artikelnummern.csv;Datenbank_Import_05052026.csv;301177;;
missing_in_Datenbank_Import_05052026;Artikelnummern.csv;Datenbank_Import_05052026.csv;301178;;
missing_in_Datenbank_Import_05052026;Artikelnummern.csv;Datenbank_Import_05052026.csv;301179;;
missing_in_Datenbank_Import_05052026;Artikelnummern.csv;Datenbank_Import_05052026.csv;301180;;
missing_in_Datenbank_Import_05052026;Artikelnummern.csv;Datenbank_Import_05052026.csv;301181;;
missing_in_Datenbank_Import_05052026;Artikelnummern.csv;Datenbank_Import_05052026.csv;301182;;
missing_in_Datenbank_Import_05052026;Artikelnummern.csv;Datenbank_Import_05052026.csv;301183;;
missing_in_Datenbank_Import_05052026;Artikelnummern.csv;Datenbank_Import_05052026.csv;301184;;
missing_in_Datenbank_Import_05052026;Artikelnummern.csv;Datenbank_Import_05052026.csv;301185;;
missing_in_Datenbank_Import_05052026;Artikelnummern.csv;Datenbank_Import_05052026.csv;301186;;
missing_in_Datenbank_Import_05052026;Artikelnummern.csv;Datenbank_Import_05052026.csv;301187;;
missing_in_Datenbank_Import_05052026;Artikelnummern.csv;Datenbank_Import_05052026.csv;301188;;
missing_in_Datenbank_Import_05052026;Artikelnummern.csv;Datenbank_Import_05052026.csv;301189;;
missing_in_Datenbank_Import_05052026;Artikelnummern.csv;Datenbank_Import_05052026.csv;301190;;
missing_in_Datenbank_Import_05052026;Artikelnummern.csv;Datenbank_Import_05052026.csv;301191;;
missing_in_Datenbank_Import_05052026;Artikelnummern.csv;Datenbank_Import_05052026.csv;301192;;
missing_in_Datenbank_Import_05052026;Artikelnummern.csv;Datenbank_Import_05052026.csv;301193;;
missing_in_Datenbank_Import_05052026;Artikelnummern.csv;Datenbank_Import_05052026.csv;301194;;
missing_in_Datenbank_Import_05052026;Artikelnummern.csv;Datenbank_Import_05052026.csv;301195;;
missing_in_Datenbank_Import_05052026;Artikelnummern.csv;Datenbank_Import_05052026.csv;301196;;
missing_in_Datenbank_Import_05052026;Artikelnummern.csv;Datenbank_Import_05052026.csv;301197;;
missing_in_Datenbank_Import_05052026;Artikelnummern.csv;Datenbank_Import_05052026.csv;301198;;
missing_in_Datenbank_Import_05052026;Artikelnummern.csv;Datenbank_Import_05052026.csv;301199;;
missing_in_Datenbank_Import_05052026;Artikelnummern.csv;Datenbank_Import_05052026.csv;301200;;
missing_in_Datenbank_Import_05052026;Artikelnummern.csv;Datenbank_Import_05052026.csv;301201;;
missing_in_Datenbank_Import_05052026;Artikelnummern.csv;Datenbank_Import_05052026.csv;301202;;
missing_in_Datenbank_Import_05052026;Artikelnummern.csv;Datenbank_Import_05052026.csv;301203;;
missing_in_Datenbank_Import_05052026;Artikelnummern.csv;Datenbank_Import_05052026.csv;301204;;
missing_in_Datenbank_Import_05052026;Artikelnummern.csv;Datenbank_Import_05052026.csv;301205;;
missing_in_Datenbank_Import_05052026;Artikelnummern.csv;Datenbank_Import_05052026.csv;301206;;
missing_in_Datenbank_Import_05052026;Artikelnummern.csv;Datenbank_Import_05052026.csv;301207;;
missing_in_Datenbank_Import_05052026;Artikelnummern.csv;Datenbank_Import_05052026.csv;301208;;
missing_in_Datenbank_Import_05052026;Artikelnummern.csv;Datenbank_Import_05052026.csv;301209;;
missing_in_Datenbank_Import_05052026;Artikelnummern.csv;Datenbank_Import_05052026.csv;301210;;
missing_in_Datenbank_Import_05052026;Artikelnummern.csv;Datenbank_Import_05052026.csv;301211;;
missing_in_Datenbank_Import_05052026;Artikelnummern.csv;Datenbank_Import_05052026.csv;301212;;
missing_in_Datenbank_Import_05052026;Artikelnummern.csv;Datenbank_Import_05052026.csv;301213;;
missing_in_Datenbank_Import_05052026;Artikelnummern.csv;Datenbank_Import_05052026.csv;301214;;
missing_in_Datenbank_Import_05052026;Artikelnummern.csv;Datenbank_Import_05052026.csv;301215;;
missing_in_Datenbank_Import_05052026;Artikelnummern.csv;Datenbank_Import_05052026.csv;301216;;
missing_in_Datenbank_Import_05052026;Artikelnummern.csv;Datenbank_Import_05052026.csv;301217;;
missing_in_Datenbank_Import_05052026;Artikelnummern.csv;Datenbank_Import_05052026.csv;301218;;
missing_in_Datenbank_Import_05052026;Artikelnummern.csv;Datenbank_Import_05052026.csv;301219;;
missing_in_Datenbank_Import_05052026;Artikelnummern.csv;Datenbank_Import_05052026.csv;301220;;
missing_in_Datenbank_Import_05052026;Artikelnummern.csv;Datenbank_Import_05052026.csv;301221;;
missing_in_Datenbank_Import_05052026;Artikelnummern.csv;Datenbank_Import_05052026.csv;301222;;
missing_in_Datenbank_Import_05052026;Artikelnummern.csv;Datenbank_Import_05052026.csv;301223;;
missing_in_Datenbank_Import_05052026;Artikelnummern.csv;Datenbank_Import_05052026.csv;301224;;
missing_in_Datenbank_Import_05052026;Artikelnummern.csv;Datenbank_Import_05052026.csv;301225;;
missing_in_Datenbank_Import_05052026;Artikelnummern.csv;Datenbank_Import_05052026.csv;301226;;
missing_in_Datenbank_Import_05052026;Artikelnummern.csv;Datenbank_Import_05052026.csv;301227;;
missing_in_Datenbank_Import_05052026;Artikelnummern.csv;Datenbank_Import_05052026.csv;301228;;
missing_in_Datenbank_Import_05052026;Artikelnummern.csv;Datenbank_Import_05052026.csv;301229;;
missing_in_Datenbank_Import_05052026;Artikelnummern.csv;Datenbank_Import_05052026.csv;301230;;
missing_in_Datenbank_Import_05052026;Artikelnummern.csv;Datenbank_Import_05052026.csv;301231;;
missing_in_Datenbank_Import_05052026;Artikelnummern.csv;Datenbank_Import_05052026.csv;301232;;
missing_in_Datenbank_Import_05052026;Artikelnummern.csv;Datenbank_Import_05052026.csv;301233;;
missing_in_Datenbank_Import_05052026;Artikelnummern.csv;Datenbank_Import_05052026.csv;301234;;
missing_in_Datenbank_Import_05052026;Artikelnummern.csv;Datenbank_Import_05052026.csv;301235;;
missing_in_Datenbank_Import_05052026;Artikelnummern.csv;Datenbank_Import_05052026.csv;301236;;
missing_in_Datenbank_Import_05052026;Artikelnummern.csv;Datenbank_Import_05052026.csv;301237;;
missing_in_Datenbank_Import_05052026;Artikelnummern.csv;Datenbank_Import_05052026.csv;301238;;
missing_in_Datenbank_Import_05052026;Artikelnummern.csv;Datenbank_Import_05052026.csv;301239;;
missing_in_Datenbank_Import_05052026;Artikelnummern.csv;Datenbank_Import_05052026.csv;301240;;
missing_in_Datenbank_Import_05052026;Artikelnummern.csv;Datenbank_Import_05052026.csv;301241;;
missing_in_Datenbank_Import_05052026;Artikelnummern.csv;Datenbank_Import_05052026.csv;301242;;
missing_in_Datenbank_Import_05052026;Artikelnummern.csv;Datenbank_Import_05052026.csv;301243;;
missing_in_Datenbank_Import_05052026;Artikelnummern.csv;Datenbank_Import_05052026.csv;301244;;
missing_in_Datenbank_Import_05052026;Artikelnummern.csv;Datenbank_Import_05052026.csv;301245;;
missing_in_Datenbank_Import_05052026;Artikelnummern.csv;Datenbank_Import_05052026.csv;301246;;
missing_in_Datenbank_Import_05052026;Artikelnummern.csv;Datenbank_Import_05052026.csv;301247;;
missing_in_Datenbank_Import_05052026;Artikelnummern.csv;Datenbank_Import_05052026.csv;301248;;
missing_in_Datenbank_Import_05052026;Artikelnummern.csv;Datenbank_Import_05052026.csv;301249;;
missing_in_Datenbank_Import_05052026;Artikelnummern.csv;Datenbank_Import_05052026.csv;301250;;
missing_in_Datenbank_Import_05052026;Artikelnummern.csv;Datenbank_Import_05052026.csv;301251;;
missing_in_Datenbank_Import_05052026;Artikelnummern.csv;Datenbank_Import_05052026.csv;301252;;
missing_in_Datenbank_Import_05052026;Artikelnummern.csv;Datenbank_Import_05052026.csv;301253;;
missing_in_Datenbank_Import_05052026;Artikelnummern.csv;Datenbank_Import_05052026.csv;301254;;
missing_in_Datenbank_Import_05052026;Artikelnummern.csv;Datenbank_Import_05052026.csv;301255;;
missing_in_Datenbank_Import_05052026;Artikelnummern.csv;Datenbank_Import_05052026.csv;301256;;
missing_in_Datenbank_Import_05052026;Artikelnummern.csv;Datenbank_Import_05052026.csv;301257;;
missing_in_Datenbank_Import_05052026;Artikelnummern.csv;Datenbank_Import_05052026.csv;301258;;
missing_in_Datenbank_Import_05052026;Artikelnummern.csv;Datenbank_Import_05052026.csv;301259;;
missing_in_Datenbank_Import_05052026;Artikelnummern.csv;Datenbank_Import_05052026.csv;301260;;
missing_in_Datenbank_Import_05052026;Artikelnummern.csv;Datenbank_Import_05052026.csv;301261;;
missing_in_Datenbank_Import_05052026;Artikelnummern.csv;Datenbank_Import_05052026.csv;301262;;
missing_in_Datenbank_Import_05052026;Artikelnummern.csv;Datenbank_Import_05052026.csv;301263;;
missing_in_Datenbank_Import_05052026;Artikelnummern.csv;Datenbank_Import_05052026.csv;301264;;
missing_in_Datenbank_Import_05052026;Artikelnummern.csv;Datenbank_Import_05052026.csv;301265;;
missing_in_Datenbank_Import_05052026;Artikelnummern.csv;Datenbank_Import_05052026.csv;301266;;
missing_in_Datenbank_Import_05052026;Artikelnummern.csv;Datenbank_Import_05052026.csv;301267;;
missing_in_Datenbank_Import_05052026;Artikelnummern.csv;Datenbank_Import_05052026.csv;301268;;
missing_in_Datenbank_Import_05052026;Artikelnummern.csv;Datenbank_Import_05052026.csv;301269;;
missing_in_Datenbank_Import_05052026;Artikelnummern.csv;Datenbank_Import_05052026.csv;301270;;
missing_in_Datenbank_Import_05052026;Artikelnummern.csv;Datenbank_Import_05052026.csv;301271;;
missing_in_Datenbank_Import_05052026;Artikelnummern.csv;Datenbank_Import_05052026.csv;301272;;
missing_in_Datenbank_Import_05052026;Artikelnummern.csv;Datenbank_Import_05052026.csv;301273;;
missing_in_Datenbank_Import_05052026;Artikelnummern.csv;Datenbank_Import_05052026.csv;301274;;
missing_in_Datenbank_Import_05052026;Artikelnummern.csv;Datenbank_Import_05052026.csv;301275;;
missing_in_Datenbank_Import_05052026;Artikelnummern.csv;Datenbank_Import_05052026.csv;301276;;
missing_in_Datenbank_Import_05052026;Artikelnummern.csv;Datenbank_Import_05052026.csv;301277;;
missing_in_Datenbank_Import_05052026;Artikelnummern.csv;Datenbank_Import_05052026.csv;301278;;
missing_in_Datenbank_Import_05052026;Artikelnummern.csv;Datenbank_Import_05052026.csv;301279;;
missing_in_Datenbank_Import_05052026;Artikelnummern.csv;Datenbank_Import_05052026.csv;301280;;
missing_in_Datenbank_Import_05052026;Artikelnummern.csv;Datenbank_Import_05052026.csv;301281;;
missing_in_Datenbank_Import_05052026;Artikelnummern.csv;Datenbank_Import_05052026.csv;301282;;
missing_in_Datenbank_Import_05052026;Artikelnummern.csv;Datenbank_Import_05052026.csv;301283;;
missing_in_Datenbank_Import_05052026;Artikelnummern.csv;Datenbank_Import_05052026.csv;301284;;
missing_in_Datenbank_Import_05052026;Artikelnummern.csv;Datenbank_Import_05052026.csv;301285;;
missing_in_Datenbank_Import_05052026;Artikelnummern.csv;Datenbank_Import_05052026.csv;301286;;
missing_in_Datenbank_Import_05052026;Artikelnummern.csv;Datenbank_Import_05052026.csv;301287;;
missing_in_Datenbank_Import_05052026;Artikelnummern.csv;Datenbank_Import_05052026.csv;301288;;
missing_in_Datenbank_Import_05052026;Artikelnummern.csv;Datenbank_Import_05052026.csv;301289;;
missing_in_Datenbank_Import_05052026;Artikelnummern.csv;Datenbank_Import_05052026.csv;301290;;
missing_in_Datenbank_Import_05052026;Artikelnummern.csv;Datenbank_Import_05052026.csv;301291;;
missing_in_Datenbank_Import_05052026;Artikelnummern.csv;Datenbank_Import_05052026.csv;301292;;
missing_in_Datenbank_Import_05052026;Artikelnummern.csv;Datenbank_Import_05052026.csv;301293;;
missing_in_Datenbank_Import_05052026;Artikelnummern.csv;Datenbank_Import_05052026.csv;301294;;
missing_in_Datenbank_Import_05052026;Artikelnummern.csv;Datenbank_Import_05052026.csv;301295;;
missing_in_Datenbank_Import_05052026;Artikelnummern.csv;Datenbank_Import_05052026.csv;301296;;
missing_in_Datenbank_Import_05052026;Artikelnummern.csv;Datenbank_Import_05052026.csv;301297;;
missing_in_Datenbank_Import_05052026;Artikelnummern.csv;Datenbank_Import_05052026.csv;301298;;
missing_in_Datenbank_Import_05052026;Artikelnummern.csv;Datenbank_Import_05052026.csv;301299;;
missing_in_Datenbank_Import_05052026;Artikelnummern.csv;Datenbank_Import_05052026.csv;301300;;
missing_in_Datenbank_Import_05052026;Artikelnummern.csv;Datenbank_Import_05052026.csv;301301;;
missing_in_Datenbank_Import_05052026;Artikelnummern.csv;Datenbank_Import_05052026.csv;301302;;
missing_in_Datenbank_Import_05052026;Artikelnummern.csv;Datenbank_Import_05052026.csv;301303;;
missing_in_Datenbank_Import_05052026;Artikelnummern.csv;Datenbank_Import_05052026.csv;301304;;
missing_in_Datenbank_Import_05052026;Artikelnummern.csv;Datenbank_Import_05052026.csv;301305;;
missing_in_Datenbank_Import_05052026;Artikelnummern.csv;Datenbank_Import_05052026.csv;301306;;
missing_in_Datenbank_Import_05052026;Artikelnummern.csv;Datenbank_Import_05052026.csv;301307;;
missing_in_Datenbank_Import_05052026;Artikelnummern.csv;Datenbank_Import_05052026.csv;301308;;
missing_in_Datenbank_Import_05052026;Artikelnummern.csv;Datenbank_Import_05052026.csv;301309;;
missing_in_Datenbank_Import_05052026;Artikelnummern.csv;Datenbank_Import_05052026.csv;301310;;
missing_in_Datenbank_Import_05052026;Artikelnummern.csv;Datenbank_Import_05052026.csv;301311;;
missing_in_Datenbank_Import_05052026;Artikelnummern.csv;Datenbank_Import_05052026.csv;301312;;
missing_in_Datenbank_Import_05052026;Artikelnummern.csv;Datenbank_Import_05052026.csv;301313;;
missing_in_Datenbank_Import_05052026;Artikelnummern.csv;Datenbank_Import_05052026.csv;301314;;
missing_in_Datenbank_Import_05052026;Artikelnummern.csv;Datenbank_Import_05052026.csv;301315;;
missing_in_Datenbank_Import_05052026;Artikelnummern.csv;Datenbank_Import_05052026.csv;301316;;
missing_in_Datenbank_Import_05052026;Artikelnummern.csv;Datenbank_Import_05052026.csv;301317;;
missing_in_Datenbank_Import_05052026;Artikelnummern.csv;Datenbank_Import_05052026.csv;301318;;
missing_in_Datenbank_Import_05052026;Artikelnummern.csv;Datenbank_Import_05052026.csv;301319;;
missing_in_Datenbank_Import_05052026;Artikelnummern.csv;Datenbank_Import_05052026.csv;301320;;
missing_in_Datenbank_Import_05052026;Artikelnummern.csv;Datenbank_Import_05052026.csv;301321;;
missing_in_Datenbank_Import_05052026;Artikelnummern.csv;Datenbank_Import_05052026.csv;301322;;
missing_in_Datenbank_Import_05052026;Artikelnummern.csv;Datenbank_Import_05052026.csv;301323;;
missing_in_Datenbank_Import_05052026;Artikelnummern.csv;Datenbank_Import_05052026.csv;301324;;
missing_in_Datenbank_Import_05052026;Artikelnummern.csv;Datenbank_Import_05052026.csv;301325;;
missing_in_Datenbank_Import_05052026;Artikelnummern.csv;Datenbank_Import_05052026.csv;301326;;
missing_in_Datenbank_Import_05052026;Artikelnummern.csv;Datenbank_Import_05052026.csv;301327;;
missing_in_Datenbank_Import_05052026;Artikelnummern.csv;Datenbank_Import_05052026.csv;301328;;
missing_in_Datenbank_Import_05052026;Artikelnummern.csv;Datenbank_Import_05052026.csv;301329;;
missing_in_Datenbank_Import_05052026;Artikelnummern.csv;Datenbank_Import_05052026.csv;301330;;
missing_in_Datenbank_Import_05052026;Artikelnummern.csv;Datenbank_Import_05052026.csv;301331;;
missing_in_Datenbank_Import_05052026;Artikelnummern.csv;Datenbank_Import_05052026.csv;301332;;
missing_in_Datenbank_Import_05052026;Artikelnummern.csv;Datenbank_Import_05052026.csv;301333;;
missing_in_Datenbank_Import_05052026;Artikelnummern.csv;Datenbank_Import_05052026.csv;301334;;
missing_in_Datenbank_Import_05052026;Artikelnummern.csv;Datenbank_Import_05052026.csv;301335;;
missing_in_Datenbank_Import_05052026;Artikelnummern.csv;Datenbank_Import_05052026.csv;301336;;
missing_in_Datenbank_Import_05052026;Artikelnummern.csv;Datenbank_Import_05052026.csv;301337;;
missing_in_Datenbank_Import_05052026;Artikelnummern.csv;Datenbank_Import_05052026.csv;301338;;
missing_in_Datenbank_Import_05052026;Artikelnummern.csv;Datenbank_Import_05052026.csv;301339;;
missing_in_Datenbank_Import_05052026;Artikelnummern.csv;Datenbank_Import_05052026.csv;301340;;
missing_in_Datenbank_Import_05052026;Artikelnummern.csv;Datenbank_Import_05052026.csv;301341;;
missing_in_Datenbank_Import_05052026;Artikelnummern.csv;Datenbank_Import_05052026.csv;301342;;
missing_in_Datenbank_Import_05052026;Artikelnummern.csv;Datenbank_Import_05052026.csv;301343;;
missing_in_Datenbank_Import_05052026;Artikelnummern.csv;Datenbank_Import_05052026.csv;301344;;
missing_in_Datenbank_Import_05052026;Artikelnummern.csv;Datenbank_Import_05052026.csv;301345;;
missing_in_Datenbank_Import_05052026;Artikelnummern.csv;Datenbank_Import_05052026.csv;301346;;
missing_in_Datenbank_Import_05052026;Artikelnummern.csv;Datenbank_Import_05052026.csv;301347;;
missing_in_Datenbank_Import_05052026;Artikelnummern.csv;Datenbank_Import_05052026.csv;301348;;
missing_in_Datenbank_Import_05052026;Artikelnummern.csv;Datenbank_Import_05052026.csv;301349;;
missing_in_Datenbank_Import_05052026;Artikelnummern.csv;Datenbank_Import_05052026.csv;301350;;
missing_in_Datenbank_Import_05052026;Artikelnummern.csv;Datenbank_Import_05052026.csv;301351;;
missing_in_Datenbank_Import_05052026;Artikelnummern.csv;Datenbank_Import_05052026.csv;301352;;
missing_in_Datenbank_Import_05052026;Artikelnummern.csv;Datenbank_Import_05052026.csv;301353;;
missing_in_Datenbank_Import_05052026;Artikelnummern.csv;Datenbank_Import_05052026.csv;301354;;
missing_in_Datenbank_Import_05052026;Artikelnummern.csv;Datenbank_Import_05052026.csv;301355;;
missing_in_Datenbank_Import_05052026;Artikelnummern.csv;Datenbank_Import_05052026.csv;301356;;
missing_in_Datenbank_Import_05052026;Artikelnummern.csv;Datenbank_Import_05052026.csv;301357;;
missing_in_Datenbank_Import_05052026;Artikelnummern.csv;Datenbank_Import_05052026.csv;301358;;
missing_in_Datenbank_Import_05052026;Artikelnummern.csv;Datenbank_Import_05052026.csv;301359;;
missing_in_Datenbank_Import_05052026;Artikelnummern.csv;Datenbank_Import_05052026.csv;301360;;
missing_in_Datenbank_Import_05052026;Artikelnummern.csv;Datenbank_Import_05052026.csv;301361;;
missing_in_Datenbank_Import_05052026;Artikelnummern.csv;Datenbank_Import_05052026.csv;301362;;
missing_in_Datenbank_Import_05052026;Artikelnummern.csv;Datenbank_Import_05052026.csv;301363;;
missing_in_Datenbank_Import_05052026;Artikelnummern.csv;Datenbank_Import_05052026.csv;301364;;
missing_in_Datenbank_Import_05052026;Artikelnummern.csv;Datenbank_Import_05052026.csv;301365;;
missing_in_Datenbank_Import_05052026;Artikelnummern.csv;Datenbank_Import_05052026.csv;301366;;
missing_in_Datenbank_Import_05052026;Artikelnummern.csv;Datenbank_Import_05052026.csv;301367;;
missing_in_Datenbank_Import_05052026;Artikelnummern.csv;Datenbank_Import_05052026.csv;301368;;
missing_in_Datenbank_Import_05052026;Artikelnummern.csv;Datenbank_Import_05052026.csv;301369;;
missing_in_Datenbank_Import_05052026;Artikelnummern.csv;Datenbank_Import_05052026.csv;301370;;
missing_in_Datenbank_Import_05052026;Artikelnummern.csv;Datenbank_Import_05052026.csv;301371;;
missing_in_Datenbank_Import_05052026;Artikelnummern.csv;Datenbank_Import_05052026.csv;301372;;
missing_in_Datenbank_Import_05052026;Artikelnummern.csv;Datenbank_Import_05052026.csv;301373;;
missing_in_Datenbank_Import_05052026;Artikelnummern.csv;Datenbank_Import_05052026.csv;301374;;
missing_in_Datenbank_Import_05052026;Artikelnummern.csv;Datenbank_Import_05052026.csv;301375;;
missing_in_Datenbank_Import_05052026;Artikelnummern.csv;Datenbank_Import_05052026.csv;301376;;
missing_in_Datenbank_Import_05052026;Artikelnummern.csv;Datenbank_Import_05052026.csv;301377;;
missing_in_Datenbank_Import_05052026;Artikelnummern.csv;Datenbank_Import_05052026.csv;301378;;
missing_in_Datenbank_Import_05052026;Artikelnummern.csv;Datenbank_Import_05052026.csv;301379;;
missing_in_Datenbank_Import_05052026;Artikelnummern.csv;Datenbank_Import_05052026.csv;301380;;
missing_in_Datenbank_Import_05052026;Artikelnummern.csv;Datenbank_Import_05052026.csv;301381;;
missing_in_Datenbank_Import_05052026;Artikelnummern.csv;Datenbank_Import_05052026.csv;301382;;
missing_in_Datenbank_Import_05052026;Artikelnummern.csv;Datenbank_Import_05052026.csv;301383;;
missing_in_Datenbank_Import_05052026;Artikelnummern.csv;Datenbank_Import_05052026.csv;301384;;
missing_in_Datenbank_Import_05052026;Artikelnummern.csv;Datenbank_Import_05052026.csv;301385;;
missing_in_Datenbank_Import_05052026;Artikelnummern.csv;Datenbank_Import_05052026.csv;301386;;
missing_in_Datenbank_Import_05052026;Artikelnummern.csv;Datenbank_Import_05052026.csv;301387;;
missing_in_Datenbank_Import_05052026;Artikelnummern.csv;Datenbank_Import_05052026.csv;301388;;
missing_in_Datenbank_Import_05052026;Artikelnummern.csv;Datenbank_Import_05052026.csv;301389;;
missing_in_Datenbank_Import_05052026;Artikelnummern.csv;Datenbank_Import_05052026.csv;301390;;
missing_in_Datenbank_Import_05052026;Artikelnummern.csv;Datenbank_Import_05052026.csv;301391;;
missing_in_Datenbank_Import_05052026;Artikelnummern.csv;Datenbank_Import_05052026.csv;301392;;
missing_in_Datenbank_Import_05052026;Artikelnummern.csv;Datenbank_Import_05052026.csv;301393;;
missing_in_Datenbank_Import_05052026;Artikelnummern.csv;Datenbank_Import_05052026.csv;301394;;
missing_in_Datenbank_Import_05052026;Artikelnummern.csv;Datenbank_Import_05052026.csv;301395;;
missing_in_Datenbank_Import_05052026;Artikelnummern.csv;Datenbank_Import_05052026.csv;301396;;
missing_in_Datenbank_Import_05052026;Artikelnummern.csv;Datenbank_Import_05052026.csv;301397;;
missing_in_Datenbank_Import_05052026;Artikelnummern.csv;Datenbank_Import_05052026.csv;301398;;
missing_in_Datenbank_Import_05052026;Artikelnummern.csv;Datenbank_Import_05052026.csv;301399;;
missing_in_Datenbank_Import_05052026;Artikelnummern.csv;Datenbank_Import_05052026.csv;301400;;
missing_in_Datenbank_Import_05052026;Artikelnummern.csv;Datenbank_Import_05052026.csv;301401;;
missing_in_Datenbank_Import_05052026;Artikelnummern.csv;Datenbank_Import_05052026.csv;301402;;
missing_in_Datenbank_Import_05052026;Artikelnummern.csv;Datenbank_Import_05052026.csv;301403;;
missing_in_Datenbank_Import_05052026;Artikelnummern.csv;Datenbank_Import_05052026.csv;301404;;
missing_in_Datenbank_Import_05052026;Artikelnummern.csv;Datenbank_Import_05052026.csv;301405;;
missing_in_Datenbank_Import_05052026;Artikelnummern.csv;Datenbank_Import_05052026.csv;301406;;
missing_in_Datenbank_Import_05052026;Artikelnummern.csv;Datenbank_Import_05052026.csv;301407;;
missing_in_Datenbank_Import_05052026;Artikelnummern.csv;Datenbank_Import_05052026.csv;301408;;
missing_in_Datenbank_Import_05052026;Artikelnummern.csv;Datenbank_Import_05052026.csv;301409;;
missing_in_Datenbank_Import_05052026;Artikelnummern.csv;Datenbank_Import_05052026.csv;301410;;
missing_in_Datenbank_Import_05052026;Artikelnummern.csv;Datenbank_Import_05052026.csv;301411;;
missing_in_Datenbank_Import_05052026;Artikelnummern.csv;Datenbank_Import_05052026.csv;301412;;
missing_in_Datenbank_Import_05052026;Artikelnummern.csv;Datenbank_Import_05052026.csv;301413;;
missing_in_Datenbank_Import_05052026;Artikelnummern.csv;Datenbank_Import_05052026.csv;301414;;
missing_in_Datenbank_Import_05052026;Artikelnummern.csv;Datenbank_Import_05052026.csv;301415;;
missing_in_Datenbank_Import_05052026;Artikelnummern.csv;Datenbank_Import_05052026.csv;301416;;
missing_in_Datenbank_Import_05052026;Artikelnummern.csv;Datenbank_Import_05052026.csv;301417;;
missing_in_Datenbank_Import_05052026;Artikelnummern.csv;Datenbank_Import_05052026.csv;301418;;
missing_in_Datenbank_Import_05052026;Artikelnummern.csv;Datenbank_Import_05052026.csv;301419;;
missing_in_Datenbank_Import_05052026;Artikelnummern.csv;Datenbank_Import_05052026.csv;301420;;
missing_in_Datenbank_Import_05052026;Artikelnummern.csv;Datenbank_Import_05052026.csv;301421;;
missing_in_Datenbank_Import_05052026;Artikelnummern.csv;Datenbank_Import_05052026.csv;301422;;
missing_in_Datenbank_Import_05052026;Artikelnummern.csv;Datenbank_Import_05052026.csv;301423;;
missing_in_Datenbank_Import_05052026;Artikelnummern.csv;Datenbank_Import_05052026.csv;301424;;
missing_in_Datenbank_Import_05052026;Artikelnummern.csv;Datenbank_Import_05052026.csv;301425;;
missing_in_Datenbank_Import_05052026;Artikelnummern.csv;Datenbank_Import_05052026.csv;301426;;
missing_in_Datenbank_Import_05052026;Artikelnummern.csv;Datenbank_Import_05052026.csv;301427;;
missing_in_Datenbank_Import_05052026;Artikelnummern.csv;Datenbank_Import_05052026.csv;301428;;
missing_in_Datenbank_Import_05052026;Artikelnummern.csv;Datenbank_Import_05052026.csv;301429;;
missing_in_Datenbank_Import_05052026;Artikelnummern.csv;Datenbank_Import_05052026.csv;301430;;
missing_in_Datenbank_Import_05052026;Artikelnummern.csv;Datenbank_Import_05052026.csv;301431;;
missing_in_Datenbank_Import_05052026;Artikelnummern.csv;Datenbank_Import_05052026.csv;301432;;
missing_in_Datenbank_Import_05052026;Artikelnummern.csv;Datenbank_Import_05052026.csv;301433;;
missing_in_Datenbank_Import_05052026;Artikelnummern.csv;Datenbank_Import_05052026.csv;301434;;
missing_in_Datenbank_Import_05052026;Artikelnummern.csv;Datenbank_Import_05052026.csv;301435;;
missing_in_Datenbank_Import_05052026;Artikelnummern.csv;Datenbank_Import_05052026.csv;301436;;
missing_in_Datenbank_Import_05052026;Artikelnummern.csv;Datenbank_Import_05052026.csv;301437;;
missing_in_Datenbank_Import_05052026;Artikelnummern.csv;Datenbank_Import_05052026.csv;301438;;
missing_in_Datenbank_Import_05052026;Artikelnummern.csv;Datenbank_Import_05052026.csv;301439;;
missing_in_Datenbank_Import_05052026;Artikelnummern.csv;Datenbank_Import_05052026.csv;301440;;
missing_in_Datenbank_Import_05052026;Artikelnummern.csv;Datenbank_Import_05052026.csv;301441;;
missing_in_Datenbank_Import_05052026;Artikelnummern.csv;Datenbank_Import_05052026.csv;301442;;
missing_in_Datenbank_Import_05052026;Artikelnummern.csv;Datenbank_Import_05052026.csv;301443;;
missing_in_Datenbank_Import_05052026;Artikelnummern.csv;Datenbank_Import_05052026.csv;301444;;
missing_in_Datenbank_Import_05052026;Artikelnummern.csv;Datenbank_Import_05052026.csv;301445;;
missing_in_Datenbank_Import_05052026;Artikelnummern.csv;Datenbank_Import_05052026.csv;301446;;
missing_in_Datenbank_Import_05052026;Artikelnummern.csv;Datenbank_Import_05052026.csv;301447;;
missing_in_Datenbank_Import_05052026;Artikelnummern.csv;Datenbank_Import_05052026.csv;301448;;
missing_in_Datenbank_Import_05052026;Artikelnummern.csv;Datenbank_Import_05052026.csv;301449;;
missing_in_Datenbank_Import_05052026;Artikelnummern.csv;Datenbank_Import_05052026.csv;301450;;
missing_in_Datenbank_Import_05052026;Artikelnummern.csv;Datenbank_Import_05052026.csv;301451;;
missing_in_Datenbank_Import_05052026;Artikelnummern.csv;Datenbank_Import_05052026.csv;301452;;
missing_in_Datenbank_Import_05052026;Artikelnummern.csv;Datenbank_Import_05052026.csv;301453;;
missing_in_Datenbank_Import_05052026;Artikelnummern.csv;Datenbank_Import_05052026.csv;301454;;
missing_in_Datenbank_Import_05052026;Artikelnummern.csv;Datenbank_Import_05052026.csv;301455;;
missing_in_Datenbank_Import_05052026;Artikelnummern.csv;Datenbank_Import_05052026.csv;301456;;
missing_in_Datenbank_Import_05052026;Artikelnummern.csv;Datenbank_Import_05052026.csv;301457;;
missing_in_Datenbank_Import_05052026;Artikelnummern.csv;Datenbank_Import_05052026.csv;301458;;
missing_in_Datenbank_Import_05052026;Artikelnummern.csv;Datenbank_Import_05052026.csv;301459;;
missing_in_Datenbank_Import_05052026;Artikelnummern.csv;Datenbank_Import_05052026.csv;301460;;
missing_in_Datenbank_Import_05052026;Artikelnummern.csv;Datenbank_Import_05052026.csv;301461;;
missing_in_Datenbank_Import_05052026;Artikelnummern.csv;Datenbank_Import_05052026.csv;301462;;
missing_in_Datenbank_Import_05052026;Artikelnummern.csv;Datenbank_Import_05052026.csv;301463;;
missing_in_Datenbank_Import_05052026;Artikelnummern.csv;Datenbank_Import_05052026.csv;301464;;
missing_in_Datenbank_Import_05052026;Artikelnummern.csv;Datenbank_Import_05052026.csv;301465;;
missing_in_Datenbank_Import_05052026;Artikelnummern.csv;Datenbank_Import_05052026.csv;301466;;
missing_in_Datenbank_Import_05052026;Artikelnummern.csv;Datenbank_Import_05052026.csv;301467;;
missing_in_Datenbank_Import_05052026;Artikelnummern.csv;Datenbank_Import_05052026.csv;301468;;
missing_in_Datenbank_Import_05052026;Artikelnummern.csv;Datenbank_Import_05052026.csv;301469;;
missing_in_Datenbank_Import_05052026;Artikelnummern.csv;Datenbank_Import_05052026.csv;301470;;
missing_in_Datenbank_Import_05052026;Artikelnummern.csv;Datenbank_Import_05052026.csv;301471;;
missing_in_Datenbank_Import_05052026;Artikelnummern.csv;Datenbank_Import_05052026.csv;301472;;
missing_in_Datenbank_Import_05052026;Artikelnummern.csv;Datenbank_Import_05052026.csv;301473;;
missing_in_Datenbank_Import_05052026;Artikelnummern.csv;Datenbank_Import_05052026.csv;301474;;
missing_in_Datenbank_Import_05052026;Artikelnummern.csv;Datenbank_Import_05052026.csv;301475;;
missing_in_Datenbank_Import_05052026;Artikelnummern.csv;Datenbank_Import_05052026.csv;301476;;
missing_in_Datenbank_Import_05052026;Artikelnummern.csv;Datenbank_Import_05052026.csv;301477;;
missing_in_Datenbank_Import_05052026;Artikelnummern.csv;Datenbank_Import_05052026.csv;301478;;
missing_in_Datenbank_Import_05052026;Artikelnummern.csv;Datenbank_Import_05052026.csv;301479;;
missing_in_Datenbank_Import_05052026;Artikelnummern.csv;Datenbank_Import_05052026.csv;301480;;
missing_in_Datenbank_Import_05052026;Artikelnummern.csv;Datenbank_Import_05052026.csv;301481;;
missing_in_Datenbank_Import_05052026;Artikelnummern.csv;Datenbank_Import_05052026.csv;301482;;
missing_in_Datenbank_Import_05052026;Artikelnummern.csv;Datenbank_Import_05052026.csv;301483;;
missing_in_Datenbank_Import_05052026;Artikelnummern.csv;Datenbank_Import_05052026.csv;301484;;
missing_in_Datenbank_Import_05052026;Artikelnummern.csv;Datenbank_Import_05052026.csv;301485;;
missing_in_Datenbank_Import_05052026;Artikelnummern.csv;Datenbank_Import_05052026.csv;301486;;
missing_in_Datenbank_Import_05052026;Artikelnummern.csv;Datenbank_Import_05052026.csv;301487;;
missing_in_Datenbank_Import_05052026;Artikelnummern.csv;Datenbank_Import_05052026.csv;301488;;
missing_in_Datenbank_Import_05052026;Artikelnummern.csv;Datenbank_Import_05052026.csv;301489;;
missing_in_Datenbank_Import_05052026;Artikelnummern.csv;Datenbank_Import_05052026.csv;301490;;
missing_in_Datenbank_Import_05052026;Artikelnummern.csv;Datenbank_Import_05052026.csv;301491;;
missing_in_Datenbank_Import_05052026;Artikelnummern.csv;Datenbank_Import_05052026.csv;301492;;
missing_in_Datenbank_Import_05052026;Artikelnummern.csv;Datenbank_Import_05052026.csv;301493;;
missing_in_Datenbank_Import_05052026;Artikelnummern.csv;Datenbank_Import_05052026.csv;301494;;
missing_in_Datenbank_Import_05052026;Artikelnummern.csv;Datenbank_Import_05052026.csv;301495;;
missing_in_Datenbank_Import_05052026;Artikelnummern.csv;Datenbank_Import_05052026.csv;301496;;
missing_in_Datenbank_Import_05052026;Artikelnummern.csv;Datenbank_Import_05052026.csv;301497;;
missing_in_Datenbank_Import_05052026;Artikelnummern.csv;Datenbank_Import_05052026.csv;301498;;
missing_in_Datenbank_Import_05052026;Artikelnummern.csv;Datenbank_Import_05052026.csv;301499;;
missing_in_Datenbank_Import_05052026;Artikelnummern.csv;Datenbank_Import_05052026.csv;301500;;
missing_in_Datenbank_Import_05052026;Artikelnummern.csv;Datenbank_Import_05052026.csv;301501;;
missing_in_Datenbank_Import_05052026;Artikelnummern.csv;Datenbank_Import_05052026.csv;301502;;
missing_in_Datenbank_Import_05052026;Artikelnummern.csv;Datenbank_Import_05052026.csv;301503;;
missing_in_Datenbank_Import_05052026;Artikelnummern.csv;Datenbank_Import_05052026.csv;301504;;
missing_in_Datenbank_Import_05052026;Artikelnummern.csv;Datenbank_Import_05052026.csv;301505;;
missing_in_Datenbank_Import_05052026;Artikelnummern.csv;Datenbank_Import_05052026.csv;301506;;
missing_in_Datenbank_Import_05052026;Artikelnummern.csv;Datenbank_Import_05052026.csv;301507;;
missing_in_Datenbank_Import_05052026;Artikelnummern.csv;Datenbank_Import_05052026.csv;301508;;
missing_in_Datenbank_Import_05052026;Artikelnummern.csv;Datenbank_Import_05052026.csv;301509;;
missing_in_Datenbank_Import_05052026;Artikelnummern.csv;Datenbank_Import_05052026.csv;301510;;
missing_in_Datenbank_Import_05052026;Artikelnummern.csv;Datenbank_Import_05052026.csv;301511;;
missing_in_Datenbank_Import_05052026;Artikelnummern.csv;Datenbank_Import_05052026.csv;301512;;
missing_in_Datenbank_Import_05052026;Artikelnummern.csv;Datenbank_Import_05052026.csv;301513;;
missing_in_Datenbank_Import_05052026;Artikelnummern.csv;Datenbank_Import_05052026.csv;301514;;
missing_in_Datenbank_Import_05052026;Artikelnummern.csv;Datenbank_Import_05052026.csv;301515;;
missing_in_Datenbank_Import_05052026;Artikelnummern.csv;Datenbank_Import_05052026.csv;301516;;
missing_in_Datenbank_Import_05052026;Artikelnummern.csv;Datenbank_Import_05052026.csv;301517;;
missing_in_Datenbank_Import_05052026;Artikelnummern.csv;Datenbank_Import_05052026.csv;301518;;
missing_in_Datenbank_Import_05052026;Artikelnummern.csv;Datenbank_Import_05052026.csv;301519;;
missing_in_Datenbank_Import_05052026;Artikelnummern.csv;Datenbank_Import_05052026.csv;301520;;
missing_in_Datenbank_Import_05052026;Artikelnummern.csv;Datenbank_Import_05052026.csv;301521;;
missing_in_Datenbank_Import_05052026;Artikelnummern.csv;Datenbank_Import_05052026.csv;301522;;
missing_in_Datenbank_Import_05052026;Artikelnummern.csv;Datenbank_Import_05052026.csv;301523;;
missing_in_Datenbank_Import_05052026;Artikelnummern.csv;Datenbank_Import_05052026.csv;301524;;
missing_in_Datenbank_Import_05052026;Artikelnummern.csv;Datenbank_Import_05052026.csv;301525;;
missing_in_Datenbank_Import_05052026;Artikelnummern.csv;Datenbank_Import_05052026.csv;301526;;
missing_in_Datenbank_Import_05052026;Artikelnummern.csv;Datenbank_Import_05052026.csv;301527;;
missing_in_Datenbank_Import_05052026;Artikelnummern.csv;Datenbank_Import_05052026.csv;301528;;
missing_in_Datenbank_Import_05052026;Artikelnummern.csv;Datenbank_Import_05052026.csv;301529;;
missing_in_Datenbank_Import_05052026;Artikelnummern.csv;Datenbank_Import_05052026.csv;301530;;
missing_in_Datenbank_Import_05052026;Artikelnummern.csv;Datenbank_Import_05052026.csv;301531;;
missing_in_Datenbank_Import_05052026;Artikelnummern.csv;Datenbank_Import_05052026.csv;301532;;
missing_in_Datenbank_Import_05052026;Artikelnummern.csv;Datenbank_Import_05052026.csv;301533;;
missing_in_Datenbank_Import_05052026;Artikelnummern.csv;Datenbank_Import_05052026.csv;301534;;
missing_in_Datenbank_Import_05052026;Artikelnummern.csv;Datenbank_Import_05052026.csv;301535;;
missing_in_Datenbank_Import_05052026;Artikelnummern.csv;Datenbank_Import_05052026.csv;301536;;
missing_in_Datenbank_Import_05052026;Artikelnummern.csv;Datenbank_Import_05052026.csv;301537;;
missing_in_Datenbank_Import_05052026;Artikelnummern.csv;Datenbank_Import_05052026.csv;301538;;
missing_in_Datenbank_Import_05052026;Artikelnummern.csv;Datenbank_Import_05052026.csv;301539;;
missing_in_Datenbank_Import_05052026;Artikelnummern.csv;Datenbank_Import_05052026.csv;301540;;
missing_in_Datenbank_Import_05052026;Artikelnummern.csv;Datenbank_Import_05052026.csv;301541;;
missing_in_Datenbank_Import_05052026;Artikelnummern.csv;Datenbank_Import_05052026.csv;301542;;
missing_in_Datenbank_Import_05052026;Artikelnummern.csv;Datenbank_Import_05052026.csv;301543;;
missing_in_Datenbank_Import_05052026;Artikelnummern.csv;Datenbank_Import_05052026.csv;301544;;
missing_in_Datenbank_Import_05052026;Artikelnummern.csv;Datenbank_Import_05052026.csv;301545;;
missing_in_Datenbank_Import_05052026;Artikelnummern.csv;Datenbank_Import_05052026.csv;301546;;
missing_in_Datenbank_Import_05052026;Artikelnummern.csv;Datenbank_Import_05052026.csv;301547;;
missing_in_Datenbank_Import_05052026;Artikelnummern.csv;Datenbank_Import_05052026.csv;301548;;
missing_in_Datenbank_Import_05052026;Artikelnummern.csv;Datenbank_Import_05052026.csv;301549;;
missing_in_Datenbank_Import_05052026;Artikelnummern.csv;Datenbank_Import_05052026.csv;301550;;
missing_in_Datenbank_Import_05052026;Artikelnummern.csv;Datenbank_Import_05052026.csv;301551;;
missing_in_Datenbank_Import_05052026;Artikelnummern.csv;Datenbank_Import_05052026.csv;301552;;
missing_in_Datenbank_Import_05052026;Artikelnummern.csv;Datenbank_Import_05052026.csv;301553;;
missing_in_Datenbank_Import_05052026;Artikelnummern.csv;Datenbank_Import_05052026.csv;301554;;
missing_in_Datenbank_Import_05052026;Artikelnummern.csv;Datenbank_Import_05052026.csv;301555;;
missing_in_Datenbank_Import_05052026;Artikelnummern.csv;Datenbank_Import_05052026.csv;301556;;
missing_in_Datenbank_Import_05052026;Artikelnummern.csv;Datenbank_Import_05052026.csv;301557;;
missing_in_Datenbank_Import_05052026;Artikelnummern.csv;Datenbank_Import_05052026.csv;301558;;
missing_in_Datenbank_Import_05052026;Artikelnummern.csv;Datenbank_Import_05052026.csv;301559;;
missing_in_Datenbank_Import_05052026;Artikelnummern.csv;Datenbank_Import_05052026.csv;301560;;
missing_in_Datenbank_Import_05052026;Artikelnummern.csv;Datenbank_Import_05052026.csv;301561;;
missing_in_Datenbank_Import_05052026;Artikelnummern.csv;Datenbank_Import_05052026.csv;301562;;
missing_in_Datenbank_Import_05052026;Artikelnummern.csv;Datenbank_Import_05052026.csv;301563;;
missing_in_Datenbank_Import_05052026;Artikelnummern.csv;Datenbank_Import_05052026.csv;301564;;
missing_in_Datenbank_Import_05052026;Artikelnummern.csv;Datenbank_Import_05052026.csv;301565;;
missing_in_Datenbank_Import_05052026;Artikelnummern.csv;Datenbank_Import_05052026.csv;301566;;
missing_in_Datenbank_Import_05052026;Artikelnummern.csv;Datenbank_Import_05052026.csv;301567;;
missing_in_Datenbank_Import_05052026;Artikelnummern.csv;Datenbank_Import_05052026.csv;302010;;
missing_in_Datenbank_Import_05052026;Artikelnummern.csv;Datenbank_Import_05052026.csv;302140;;
missing_in_Datenbank_Import_05052026;Artikelnummern.csv;Datenbank_Import_05052026.csv;302142;;
missing_in_Datenbank_Import_05052026;Artikelnummern.csv;Datenbank_Import_05052026.csv;302159;;
missing_in_Datenbank_Import_05052026;Artikelnummern.csv;Datenbank_Import_05052026.csv;302164;;
missing_in_Datenbank_Import_05052026;Artikelnummern.csv;Datenbank_Import_05052026.csv;302165;;
missing_in_Datenbank_Import_05052026;Artikelnummern.csv;Datenbank_Import_05052026.csv;302166;;
missing_in_Datenbank_Import_05052026;Artikelnummern.csv;Datenbank_Import_05052026.csv;302167;;
missing_in_Datenbank_Import_05052026;Artikelnummern.csv;Datenbank_Import_05052026.csv;302168;;
missing_in_Datenbank_Import_05052026;Artikelnummern.csv;Datenbank_Import_05052026.csv;302177;;
missing_in_Datenbank_Import_05052026;Artikelnummern.csv;Datenbank_Import_05052026.csv;302179;;
missing_in_Datenbank_Import_05052026;Artikelnummern.csv;Datenbank_Import_05052026.csv;302181;;
missing_in_Datenbank_Import_05052026;Artikelnummern.csv;Datenbank_Import_05052026.csv;302205;;
missing_in_Datenbank_Import_05052026;Artikelnummern.csv;Datenbank_Import_05052026.csv;302206;;
missing_in_Datenbank_Import_05052026;Artikelnummern.csv;Datenbank_Import_05052026.csv;302207;;
missing_in_Datenbank_Import_05052026;Artikelnummern.csv;Datenbank_Import_05052026.csv;302229;;
missing_in_Datenbank_Import_05052026;Artikelnummern.csv;Datenbank_Import_05052026.csv;302230;;
missing_in_Datenbank_Import_05052026;Artikelnummern.csv;Datenbank_Import_05052026.csv;302231;;
missing_in_Datenbank_Import_05052026;Artikelnummern.csv;Datenbank_Import_05052026.csv;302232;;
missing_in_Datenbank_Import_05052026;Artikelnummern.csv;Datenbank_Import_05052026.csv;302233;;
missing_in_Datenbank_Import_05052026;Artikelnummern.csv;Datenbank_Import_05052026.csv;302234;;
missing_in_Datenbank_Import_05052026;Artikelnummern.csv;Datenbank_Import_05052026.csv;302235;;
missing_in_Datenbank_Import_05052026;Artikelnummern.csv;Datenbank_Import_05052026.csv;302236;;
missing_in_Datenbank_Import_05052026;Artikelnummern.csv;Datenbank_Import_05052026.csv;302237;;
missing_in_Datenbank_Import_05052026;Artikelnummern.csv;Datenbank_Import_05052026.csv;302238;;
missing_in_Datenbank_Import_05052026;Artikelnummern.csv;Datenbank_Import_05052026.csv;302239;;
missing_in_Datenbank_Import_05052026;Artikelnummern.csv;Datenbank_Import_05052026.csv;302240;;
missing_in_Datenbank_Import_05052026;Artikelnummern.csv;Datenbank_Import_05052026.csv;302241;;
missing_in_Datenbank_Import_05052026;Artikelnummern.csv;Datenbank_Import_05052026.csv;302242;;
missing_in_Datenbank_Import_05052026;Artikelnummern.csv;Datenbank_Import_05052026.csv;302243;;
missing_in_Datenbank_Import_05052026;Artikelnummern.csv;Datenbank_Import_05052026.csv;302244;;
missing_in_Datenbank_Import_05052026;Artikelnummern.csv;Datenbank_Import_05052026.csv;302245;;
missing_in_Datenbank_Import_05052026;Artikelnummern.csv;Datenbank_Import_05052026.csv;302246;;
missing_in_Datenbank_Import_05052026;Artikelnummern.csv;Datenbank_Import_05052026.csv;302247;;
missing_in_Datenbank_Import_05052026;Artikelnummern.csv;Datenbank_Import_05052026.csv;302248;;
missing_in_Datenbank_Import_05052026;Artikelnummern.csv;Datenbank_Import_05052026.csv;302249;;
missing_in_Datenbank_Import_05052026;Artikelnummern.csv;Datenbank_Import_05052026.csv;302250;;
missing_in_Datenbank_Import_05052026;Artikelnummern.csv;Datenbank_Import_05052026.csv;302251;;
missing_in_Datenbank_Import_05052026;Artikelnummern.csv;Datenbank_Import_05052026.csv;302252;;
missing_in_Datenbank_Import_05052026;Artikelnummern.csv;Datenbank_Import_05052026.csv;302253;;
missing_in_Datenbank_Import_05052026;Artikelnummern.csv;Datenbank_Import_05052026.csv;302254;;
missing_in_Datenbank_Import_05052026;Artikelnummern.csv;Datenbank_Import_05052026.csv;302255;;
missing_in_Datenbank_Import_05052026;Artikelnummern.csv;Datenbank_Import_05052026.csv;302256;;
missing_in_Datenbank_Import_05052026;Artikelnummern.csv;Datenbank_Import_05052026.csv;302257;;
missing_in_Datenbank_Import_05052026;Artikelnummern.csv;Datenbank_Import_05052026.csv;302258;;
missing_in_Datenbank_Import_05052026;Artikelnummern.csv;Datenbank_Import_05052026.csv;302259;;
missing_in_Datenbank_Import_05052026;Artikelnummern.csv;Datenbank_Import_05052026.csv;302260;;
missing_in_Datenbank_Import_05052026;Artikelnummern.csv;Datenbank_Import_05052026.csv;302261;;
missing_in_Datenbank_Import_05052026;Artikelnummern.csv;Datenbank_Import_05052026.csv;302262;;
missing_in_Datenbank_Import_05052026;Artikelnummern.csv;Datenbank_Import_05052026.csv;302263;;
missing_in_Datenbank_Import_05052026;Artikelnummern.csv;Datenbank_Import_05052026.csv;302264;;
missing_in_Datenbank_Import_05052026;Artikelnummern.csv;Datenbank_Import_05052026.csv;302265;;
missing_in_Datenbank_Import_05052026;Artikelnummern.csv;Datenbank_Import_05052026.csv;302266;;
missing_in_Datenbank_Import_05052026;Artikelnummern.csv;Datenbank_Import_05052026.csv;302267;;
missing_in_Datenbank_Import_05052026;Artikelnummern.csv;Datenbank_Import_05052026.csv;302268;;
missing_in_Datenbank_Import_05052026;Artikelnummern.csv;Datenbank_Import_05052026.csv;302269;;
missing_in_Datenbank_Import_05052026;Artikelnummern.csv;Datenbank_Import_05052026.csv;302270;;
missing_in_Datenbank_Import_05052026;Artikelnummern.csv;Datenbank_Import_05052026.csv;302271;;
missing_in_Datenbank_Import_05052026;Artikelnummern.csv;Datenbank_Import_05052026.csv;302272;;
missing_in_Datenbank_Import_05052026;Artikelnummern.csv;Datenbank_Import_05052026.csv;302273;;
missing_in_Datenbank_Import_05052026;Artikelnummern.csv;Datenbank_Import_05052026.csv;302274;;
missing_in_Datenbank_Import_05052026;Artikelnummern.csv;Datenbank_Import_05052026.csv;302275;;
missing_in_Datenbank_Import_05052026;Artikelnummern.csv;Datenbank_Import_05052026.csv;302276;;
missing_in_Datenbank_Import_05052026;Artikelnummern.csv;Datenbank_Import_05052026.csv;302277;;
missing_in_Datenbank_Import_05052026;Artikelnummern.csv;Datenbank_Import_05052026.csv;302278;;
missing_in_Datenbank_Import_05052026;Artikelnummern.csv;Datenbank_Import_05052026.csv;302279;;
missing_in_Datenbank_Import_05052026;Artikelnummern.csv;Datenbank_Import_05052026.csv;302280;;
missing_in_Datenbank_Import_05052026;Artikelnummern.csv;Datenbank_Import_05052026.csv;302281;;
missing_in_Datenbank_Import_05052026;Artikelnummern.csv;Datenbank_Import_05052026.csv;302282;;
missing_in_Datenbank_Import_05052026;Artikelnummern.csv;Datenbank_Import_05052026.csv;302283;;
missing_in_Datenbank_Import_05052026;Artikelnummern.csv;Datenbank_Import_05052026.csv;302284;;
missing_in_Datenbank_Import_05052026;Artikelnummern.csv;Datenbank_Import_05052026.csv;302285;;
missing_in_Datenbank_Import_05052026;Artikelnummern.csv;Datenbank_Import_05052026.csv;302286;;
missing_in_Datenbank_Import_05052026;Artikelnummern.csv;Datenbank_Import_05052026.csv;302287;;
missing_in_Datenbank_Import_05052026;Artikelnummern.csv;Datenbank_Import_05052026.csv;302288;;
missing_in_Datenbank_Import_05052026;Artikelnummern.csv;Datenbank_Import_05052026.csv;302289;;
missing_in_Datenbank_Import_05052026;Artikelnummern.csv;Datenbank_Import_05052026.csv;302290;;
missing_in_Datenbank_Import_05052026;Artikelnummern.csv;Datenbank_Import_05052026.csv;302291;;
missing_in_Datenbank_Import_05052026;Artikelnummern.csv;Datenbank_Import_05052026.csv;302292;;
missing_in_Datenbank_Import_05052026;Artikelnummern.csv;Datenbank_Import_05052026.csv;302293;;
missing_in_Datenbank_Import_05052026;Artikelnummern.csv;Datenbank_Import_05052026.csv;302294;;
missing_in_Datenbank_Import_05052026;Artikelnummern.csv;Datenbank_Import_05052026.csv;302295;;
missing_in_Datenbank_Import_05052026;Artikelnummern.csv;Datenbank_Import_05052026.csv;302296;;
missing_in_Datenbank_Import_05052026;Artikelnummern.csv;Datenbank_Import_05052026.csv;302297;;
missing_in_Datenbank_Import_05052026;Artikelnummern.csv;Datenbank_Import_05052026.csv;302298;;
missing_in_Datenbank_Import_05052026;Artikelnummern.csv;Datenbank_Import_05052026.csv;302299;;
missing_in_Datenbank_Import_05052026;Artikelnummern.csv;Datenbank_Import_05052026.csv;302300;;
missing_in_Datenbank_Import_05052026;Artikelnummern.csv;Datenbank_Import_05052026.csv;302301;;
missing_in_Datenbank_Import_05052026;Artikelnummern.csv;Datenbank_Import_05052026.csv;302302;;
missing_in_Datenbank_Import_05052026;Artikelnummern.csv;Datenbank_Import_05052026.csv;302303;;
missing_in_Datenbank_Import_05052026;Artikelnummern.csv;Datenbank_Import_05052026.csv;302304;;
missing_in_Datenbank_Import_05052026;Artikelnummern.csv;Datenbank_Import_05052026.csv;302305;;
missing_in_Datenbank_Import_05052026;Artikelnummern.csv;Datenbank_Import_05052026.csv;302306;;
missing_in_Datenbank_Import_05052026;Artikelnummern.csv;Datenbank_Import_05052026.csv;302307;;
missing_in_Datenbank_Import_05052026;Artikelnummern.csv;Datenbank_Import_05052026.csv;302308;;
missing_in_Datenbank_Import_05052026;Artikelnummern.csv;Datenbank_Import_05052026.csv;302309;;
missing_in_Datenbank_Import_05052026;Artikelnummern.csv;Datenbank_Import_05052026.csv;302311;;
missing_in_Datenbank_Import_05052026;Artikelnummern.csv;Datenbank_Import_05052026.csv;302312;;
missing_in_Datenbank_Import_05052026;Artikelnummern.csv;Datenbank_Import_05052026.csv;302313;;
missing_in_Datenbank_Import_05052026;Artikelnummern.csv;Datenbank_Import_05052026.csv;302314;;
missing_in_Datenbank_Import_05052026;Artikelnummern.csv;Datenbank_Import_05052026.csv;302315;;
missing_in_Datenbank_Import_05052026;Artikelnummern.csv;Datenbank_Import_05052026.csv;302316;;
missing_in_Datenbank_Import_05052026;Artikelnummern.csv;Datenbank_Import_05052026.csv;302317;;
missing_in_Datenbank_Import_05052026;Artikelnummern.csv;Datenbank_Import_05052026.csv;302318;;
missing_in_Datenbank_Import_05052026;Artikelnummern.csv;Datenbank_Import_05052026.csv;302319;;
missing_in_Datenbank_Import_05052026;Artikelnummern.csv;Datenbank_Import_05052026.csv;302320;;
missing_in_Datenbank_Import_05052026;Artikelnummern.csv;Datenbank_Import_05052026.csv;302321;;
missing_in_Datenbank_Import_05052026;Artikelnummern.csv;Datenbank_Import_05052026.csv;302322;;
missing_in_Datenbank_Import_05052026;Artikelnummern.csv;Datenbank_Import_05052026.csv;302323;;
missing_in_Datenbank_Import_05052026;Artikelnummern.csv;Datenbank_Import_05052026.csv;302324;;
missing_in_Datenbank_Import_05052026;Artikelnummern.csv;Datenbank_Import_05052026.csv;302325;;
missing_in_Datenbank_Import_05052026;Artikelnummern.csv;Datenbank_Import_05052026.csv;302326;;
missing_in_Datenbank_Import_05052026;Artikelnummern.csv;Datenbank_Import_05052026.csv;302327;;
missing_in_Datenbank_Import_05052026;Artikelnummern.csv;Datenbank_Import_05052026.csv;302328;;
missing_in_Datenbank_Import_05052026;Artikelnummern.csv;Datenbank_Import_05052026.csv;302329;;
missing_in_Datenbank_Import_05052026;Artikelnummern.csv;Datenbank_Import_05052026.csv;302330;;
missing_in_Datenbank_Import_05052026;Artikelnummern.csv;Datenbank_Import_05052026.csv;302331;;
missing_in_Datenbank_Import_05052026;Artikelnummern.csv;Datenbank_Import_05052026.csv;302332;;
missing_in_Datenbank_Import_05052026;Artikelnummern.csv;Datenbank_Import_05052026.csv;302333;;
missing_in_Datenbank_Import_05052026;Artikelnummern.csv;Datenbank_Import_05052026.csv;302334;;
missing_in_Datenbank_Import_05052026;Artikelnummern.csv;Datenbank_Import_05052026.csv;302335;;
missing_in_Datenbank_Import_05052026;Artikelnummern.csv;Datenbank_Import_05052026.csv;302336;;
missing_in_Datenbank_Import_05052026;Artikelnummern.csv;Datenbank_Import_05052026.csv;302337;;
missing_in_Datenbank_Import_05052026;Artikelnummern.csv;Datenbank_Import_05052026.csv;302338;;
missing_in_Datenbank_Import_05052026;Artikelnummern.csv;Datenbank_Import_05052026.csv;302339;;
missing_in_Datenbank_Import_05052026;Artikelnummern.csv;Datenbank_Import_05052026.csv;302340;;
missing_in_Datenbank_Import_05052026;Artikelnummern.csv;Datenbank_Import_05052026.csv;302341;;
missing_in_Datenbank_Import_05052026;Artikelnummern.csv;Datenbank_Import_05052026.csv;302342;;
missing_in_Datenbank_Import_05052026;Artikelnummern.csv;Datenbank_Import_05052026.csv;302343;;
missing_in_Datenbank_Import_05052026;Artikelnummern.csv;Datenbank_Import_05052026.csv;302344;;
missing_in_Datenbank_Import_05052026;Artikelnummern.csv;Datenbank_Import_05052026.csv;302345;;
missing_in_Datenbank_Import_05052026;Artikelnummern.csv;Datenbank_Import_05052026.csv;302346;;
missing_in_Datenbank_Import_05052026;Artikelnummern.csv;Datenbank_Import_05052026.csv;302347;;
missing_in_Datenbank_Import_05052026;Artikelnummern.csv;Datenbank_Import_05052026.csv;302348;;
missing_in_Datenbank_Import_05052026;Artikelnummern.csv;Datenbank_Import_05052026.csv;302349;;
missing_in_Datenbank_Import_05052026;Artikelnummern.csv;Datenbank_Import_05052026.csv;302350;;
missing_in_Datenbank_Import_05052026;Artikelnummern.csv;Datenbank_Import_05052026.csv;302351;;
missing_in_Datenbank_Import_05052026;Artikelnummern.csv;Datenbank_Import_05052026.csv;302352;;
missing_in_Datenbank_Import_05052026;Artikelnummern.csv;Datenbank_Import_05052026.csv;302353;;
missing_in_Datenbank_Import_05052026;Artikelnummern.csv;Datenbank_Import_05052026.csv;302354;;
missing_in_Datenbank_Import_05052026;Artikelnummern.csv;Datenbank_Import_05052026.csv;302355;;
missing_in_Datenbank_Import_05052026;Artikelnummern.csv;Datenbank_Import_05052026.csv;302356;;
missing_in_Datenbank_Import_05052026;Artikelnummern.csv;Datenbank_Import_05052026.csv;302357;;
missing_in_Datenbank_Import_05052026;Artikelnummern.csv;Datenbank_Import_05052026.csv;302358;;
missing_in_Datenbank_Import_05052026;Artikelnummern.csv;Datenbank_Import_05052026.csv;302359;;
missing_in_Datenbank_Import_05052026;Artikelnummern.csv;Datenbank_Import_05052026.csv;302360;;
missing_in_Datenbank_Import_05052026;Artikelnummern.csv;Datenbank_Import_05052026.csv;302361;;
missing_in_Datenbank_Import_05052026;Artikelnummern.csv;Datenbank_Import_05052026.csv;302362;;
missing_in_Datenbank_Import_05052026;Artikelnummern.csv;Datenbank_Import_05052026.csv;302363;;
missing_in_Datenbank_Import_05052026;Artikelnummern.csv;Datenbank_Import_05052026.csv;302364;;
missing_in_Datenbank_Import_05052026;Artikelnummern.csv;Datenbank_Import_05052026.csv;302365;;
missing_in_Datenbank_Import_05052026;Artikelnummern.csv;Datenbank_Import_05052026.csv;302366;;
missing_in_Datenbank_Import_05052026;Artikelnummern.csv;Datenbank_Import_05052026.csv;302367;;
missing_in_Datenbank_Import_05052026;Artikelnummern.csv;Datenbank_Import_05052026.csv;302368;;
missing_in_Datenbank_Import_05052026;Artikelnummern.csv;Datenbank_Import_05052026.csv;302369;;
missing_in_Datenbank_Import_05052026;Artikelnummern.csv;Datenbank_Import_05052026.csv;302370;;
missing_in_Datenbank_Import_05052026;Artikelnummern.csv;Datenbank_Import_05052026.csv;302371;;
missing_in_Datenbank_Import_05052026;Artikelnummern.csv;Datenbank_Import_05052026.csv;302372;;
missing_in_Datenbank_Import_05052026;Artikelnummern.csv;Datenbank_Import_05052026.csv;302373;;
missing_in_Datenbank_Import_05052026;Artikelnummern.csv;Datenbank_Import_05052026.csv;302374;;
missing_in_Datenbank_Import_05052026;Artikelnummern.csv;Datenbank_Import_05052026.csv;302375;;
missing_in_Datenbank_Import_05052026;Artikelnummern.csv;Datenbank_Import_05052026.csv;302376;;
missing_in_Datenbank_Import_05052026;Artikelnummern.csv;Datenbank_Import_05052026.csv;302377;;
missing_in_Datenbank_Import_05052026;Artikelnummern.csv;Datenbank_Import_05052026.csv;302378;;
missing_in_Datenbank_Import_05052026;Artikelnummern.csv;Datenbank_Import_05052026.csv;302379;;
missing_in_Datenbank_Import_05052026;Artikelnummern.csv;Datenbank_Import_05052026.csv;302380;;
missing_in_Datenbank_Import_05052026;Artikelnummern.csv;Datenbank_Import_05052026.csv;302381;;
missing_in_Datenbank_Import_05052026;Artikelnummern.csv;Datenbank_Import_05052026.csv;302382;;
missing_in_Datenbank_Import_05052026;Artikelnummern.csv;Datenbank_Import_05052026.csv;302383;;
missing_in_Datenbank_Import_05052026;Artikelnummern.csv;Datenbank_Import_05052026.csv;302384;;
missing_in_Datenbank_Import_05052026;Artikelnummern.csv;Datenbank_Import_05052026.csv;302385;;
missing_in_Datenbank_Import_05052026;Artikelnummern.csv;Datenbank_Import_05052026.csv;302386;;
missing_in_Datenbank_Import_05052026;Artikelnummern.csv;Datenbank_Import_05052026.csv;302387;;
missing_in_Datenbank_Import_05052026;Artikelnummern.csv;Datenbank_Import_05052026.csv;302388;;
missing_in_Datenbank_Import_05052026;Artikelnummern.csv;Datenbank_Import_05052026.csv;302389;;
missing_in_Datenbank_Import_05052026;Artikelnummern.csv;Datenbank_Import_05052026.csv;302390;;
missing_in_Datenbank_Import_05052026;Artikelnummern.csv;Datenbank_Import_05052026.csv;302391;;
missing_in_Datenbank_Import_05052026;Artikelnummern.csv;Datenbank_Import_05052026.csv;302392;;
missing_in_Datenbank_Import_05052026;Artikelnummern.csv;Datenbank_Import_05052026.csv;302393;;
missing_in_Datenbank_Import_05052026;Artikelnummern.csv;Datenbank_Import_05052026.csv;302394;;
missing_in_Datenbank_Import_05052026;Artikelnummern.csv;Datenbank_Import_05052026.csv;302395;;
missing_in_Datenbank_Import_05052026;Artikelnummern.csv;Datenbank_Import_05052026.csv;302396;;
missing_in_Datenbank_Import_05052026;Artikelnummern.csv;Datenbank_Import_05052026.csv;302397;;
missing_in_Datenbank_Import_05052026;Artikelnummern.csv;Datenbank_Import_05052026.csv;302398;;
missing_in_Datenbank_Import_05052026;Artikelnummern.csv;Datenbank_Import_05052026.csv;302399;;
missing_in_Datenbank_Import_05052026;Artikelnummern.csv;Datenbank_Import_05052026.csv;302400;;
missing_in_Datenbank_Import_05052026;Artikelnummern.csv;Datenbank_Import_05052026.csv;302401;;
missing_in_Datenbank_Import_05052026;Artikelnummern.csv;Datenbank_Import_05052026.csv;302402;;
missing_in_Datenbank_Import_05052026;Artikelnummern.csv;Datenbank_Import_05052026.csv;302403;;
missing_in_Datenbank_Import_05052026;Artikelnummern.csv;Datenbank_Import_05052026.csv;302404;;
missing_in_Datenbank_Import_05052026;Artikelnummern.csv;Datenbank_Import_05052026.csv;302405;;
missing_in_Datenbank_Import_05052026;Artikelnummern.csv;Datenbank_Import_05052026.csv;302406;;
missing_in_Datenbank_Import_05052026;Artikelnummern.csv;Datenbank_Import_05052026.csv;302407;;
missing_in_Datenbank_Import_05052026;Artikelnummern.csv;Datenbank_Import_05052026.csv;302408;;
missing_in_Datenbank_Import_05052026;Artikelnummern.csv;Datenbank_Import_05052026.csv;302409;;
missing_in_Datenbank_Import_05052026;Artikelnummern.csv;Datenbank_Import_05052026.csv;302410;;
missing_in_Datenbank_Import_05052026;Artikelnummern.csv;Datenbank_Import_05052026.csv;302411;;
missing_in_Datenbank_Import_05052026;Artikelnummern.csv;Datenbank_Import_05052026.csv;302412;;
missing_in_Datenbank_Import_05052026;Artikelnummern.csv;Datenbank_Import_05052026.csv;302413;;
missing_in_Datenbank_Import_05052026;Artikelnummern.csv;Datenbank_Import_05052026.csv;302414;;
missing_in_Datenbank_Import_05052026;Artikelnummern.csv;Datenbank_Import_05052026.csv;302415;;
missing_in_Datenbank_Import_05052026;Artikelnummern.csv;Datenbank_Import_05052026.csv;302416;;
missing_in_Datenbank_Import_05052026;Artikelnummern.csv;Datenbank_Import_05052026.csv;302417;;
missing_in_Datenbank_Import_05052026;Artikelnummern.csv;Datenbank_Import_05052026.csv;302418;;
missing_in_Datenbank_Import_05052026;Artikelnummern.csv;Datenbank_Import_05052026.csv;302419;;
missing_in_Datenbank_Import_05052026;Artikelnummern.csv;Datenbank_Import_05052026.csv;302420;;
missing_in_Datenbank_Import_05052026;Artikelnummern.csv;Datenbank_Import_05052026.csv;302421;;
missing_in_Datenbank_Import_05052026;Artikelnummern.csv;Datenbank_Import_05052026.csv;302422;;
missing_in_Datenbank_Import_05052026;Artikelnummern.csv;Datenbank_Import_05052026.csv;302423;;
missing_in_Datenbank_Import_05052026;Artikelnummern.csv;Datenbank_Import_05052026.csv;302424;;
missing_in_Datenbank_Import_05052026;Artikelnummern.csv;Datenbank_Import_05052026.csv;302425;;
missing_in_Datenbank_Import_05052026;Artikelnummern.csv;Datenbank_Import_05052026.csv;302426;;
missing_in_Datenbank_Import_05052026;Artikelnummern.csv;Datenbank_Import_05052026.csv;302427;;
missing_in_Datenbank_Import_05052026;Artikelnummern.csv;Datenbank_Import_05052026.csv;302428;;
missing_in_Datenbank_Import_05052026;Artikelnummern.csv;Datenbank_Import_05052026.csv;302429;;
missing_in_Datenbank_Import_05052026;Artikelnummern.csv;Datenbank_Import_05052026.csv;302430;;
missing_in_Datenbank_Import_05052026;Artikelnummern.csv;Datenbank_Import_05052026.csv;302431;;
missing_in_Datenbank_Import_05052026;Artikelnummern.csv;Datenbank_Import_05052026.csv;302432;;
missing_in_Datenbank_Import_05052026;Artikelnummern.csv;Datenbank_Import_05052026.csv;302433;;
missing_in_Datenbank_Import_05052026;Artikelnummern.csv;Datenbank_Import_05052026.csv;302434;;
missing_in_Datenbank_Import_05052026;Artikelnummern.csv;Datenbank_Import_05052026.csv;302435;;
missing_in_Datenbank_Import_05052026;Artikelnummern.csv;Datenbank_Import_05052026.csv;302436;;
missing_in_Datenbank_Import_05052026;Artikelnummern.csv;Datenbank_Import_05052026.csv;302437;;
missing_in_Datenbank_Import_05052026;Artikelnummern.csv;Datenbank_Import_05052026.csv;302438;;
missing_in_Datenbank_Import_05052026;Artikelnummern.csv;Datenbank_Import_05052026.csv;302439;;
missing_in_Datenbank_Import_05052026;Artikelnummern.csv;Datenbank_Import_05052026.csv;302440;;
missing_in_Datenbank_Import_05052026;Artikelnummern.csv;Datenbank_Import_05052026.csv;302441;;
missing_in_Datenbank_Import_05052026;Artikelnummern.csv;Datenbank_Import_05052026.csv;302442;;
missing_in_Datenbank_Import_05052026;Artikelnummern.csv;Datenbank_Import_05052026.csv;302443;;
missing_in_Datenbank_Import_05052026;Artikelnummern.csv;Datenbank_Import_05052026.csv;302444;;
missing_in_Datenbank_Import_05052026;Artikelnummern.csv;Datenbank_Import_05052026.csv;302445;;
missing_in_Datenbank_Import_05052026;Artikelnummern.csv;Datenbank_Import_05052026.csv;302446;;
missing_in_Datenbank_Import_05052026;Artikelnummern.csv;Datenbank_Import_05052026.csv;302447;;
missing_in_Datenbank_Import_05052026;Artikelnummern.csv;Datenbank_Import_05052026.csv;302448;;
missing_in_Datenbank_Import_05052026;Artikelnummern.csv;Datenbank_Import_05052026.csv;302449;;
missing_in_Datenbank_Import_05052026;Artikelnummern.csv;Datenbank_Import_05052026.csv;302450;;
missing_in_Datenbank_Import_05052026;Artikelnummern.csv;Datenbank_Import_05052026.csv;302451;;
missing_in_Datenbank_Import_05052026;Artikelnummern.csv;Datenbank_Import_05052026.csv;302452;;
missing_in_Datenbank_Import_05052026;Artikelnummern.csv;Datenbank_Import_05052026.csv;302453;;
missing_in_Datenbank_Import_05052026;Artikelnummern.csv;Datenbank_Import_05052026.csv;302454;;
missing_in_Datenbank_Import_05052026;Artikelnummern.csv;Datenbank_Import_05052026.csv;302455;;
missing_in_Datenbank_Import_05052026;Artikelnummern.csv;Datenbank_Import_05052026.csv;302456;;
missing_in_Datenbank_Import_05052026;Artikelnummern.csv;Datenbank_Import_05052026.csv;302457;;
missing_in_Datenbank_Import_05052026;Artikelnummern.csv;Datenbank_Import_05052026.csv;302458;;
missing_in_Datenbank_Import_05052026;Artikelnummern.csv;Datenbank_Import_05052026.csv;302459;;
missing_in_Datenbank_Import_05052026;Artikelnummern.csv;Datenbank_Import_05052026.csv;302460;;
missing_in_Datenbank_Import_05052026;Artikelnummern.csv;Datenbank_Import_05052026.csv;302461;;
missing_in_Datenbank_Import_05052026;Artikelnummern.csv;Datenbank_Import_05052026.csv;302462;;
missing_in_Datenbank_Import_05052026;Artikelnummern.csv;Datenbank_Import_05052026.csv;302463;;
missing_in_Datenbank_Import_05052026;Artikelnummern.csv;Datenbank_Import_05052026.csv;302464;;
missing_in_Datenbank_Import_05052026;Artikelnummern.csv;Datenbank_Import_05052026.csv;302465;;
missing_in_Datenbank_Import_05052026;Artikelnummern.csv;Datenbank_Import_05052026.csv;302466;;
missing_in_Datenbank_Import_05052026;Artikelnummern.csv;Datenbank_Import_05052026.csv;302467;;
missing_in_Datenbank_Import_05052026;Artikelnummern.csv;Datenbank_Import_05052026.csv;302468;;
missing_in_Datenbank_Import_05052026;Artikelnummern.csv;Datenbank_Import_05052026.csv;302469;;
missing_in_Datenbank_Import_05052026;Artikelnummern.csv;Datenbank_Import_05052026.csv;302470;;
missing_in_Datenbank_Import_05052026;Artikelnummern.csv;Datenbank_Import_05052026.csv;302471;;
missing_in_Datenbank_Import_05052026;Artikelnummern.csv;Datenbank_Import_05052026.csv;302472;;
missing_in_Datenbank_Import_05052026;Artikelnummern.csv;Datenbank_Import_05052026.csv;302473;;
missing_in_Datenbank_Import_05052026;Artikelnummern.csv;Datenbank_Import_05052026.csv;302474;;
missing_in_Datenbank_Import_05052026;Artikelnummern.csv;Datenbank_Import_05052026.csv;302475;;
missing_in_Datenbank_Import_05052026;Artikelnummern.csv;Datenbank_Import_05052026.csv;302476;;
missing_in_Datenbank_Import_05052026;Artikelnummern.csv;Datenbank_Import_05052026.csv;302477;;
missing_in_Datenbank_Import_05052026;Artikelnummern.csv;Datenbank_Import_05052026.csv;302478;;
missing_in_Datenbank_Import_05052026;Artikelnummern.csv;Datenbank_Import_05052026.csv;302479;;
missing_in_Datenbank_Import_05052026;Artikelnummern.csv;Datenbank_Import_05052026.csv;302480;;
missing_in_Datenbank_Import_05052026;Artikelnummern.csv;Datenbank_Import_05052026.csv;302481;;
missing_in_Datenbank_Import_05052026;Artikelnummern.csv;Datenbank_Import_05052026.csv;302482;;
missing_in_Datenbank_Import_05052026;Artikelnummern.csv;Datenbank_Import_05052026.csv;302483;;
missing_in_Datenbank_Import_05052026;Artikelnummern.csv;Datenbank_Import_05052026.csv;302484;;
missing_in_Datenbank_Import_05052026;Artikelnummern.csv;Datenbank_Import_05052026.csv;302485;;
missing_in_Datenbank_Import_05052026;Artikelnummern.csv;Datenbank_Import_05052026.csv;302486;;
missing_in_Datenbank_Import_05052026;Artikelnummern.csv;Datenbank_Import_05052026.csv;302487;;
missing_in_Datenbank_Import_05052026;Artikelnummern.csv;Datenbank_Import_05052026.csv;302488;;
missing_in_Datenbank_Import_05052026;Artikelnummern.csv;Datenbank_Import_05052026.csv;302489;;
missing_in_Datenbank_Import_05052026;Artikelnummern.csv;Datenbank_Import_05052026.csv;302490;;
missing_in_Datenbank_Import_05052026;Artikelnummern.csv;Datenbank_Import_05052026.csv;302491;;
missing_in_Datenbank_Import_05052026;Artikelnummern.csv;Datenbank_Import_05052026.csv;302492;;
missing_in_Datenbank_Import_05052026;Artikelnummern.csv;Datenbank_Import_05052026.csv;302493;;
missing_in_Datenbank_Import_05052026;Artikelnummern.csv;Datenbank_Import_05052026.csv;302494;;
missing_in_Datenbank_Import_05052026;Artikelnummern.csv;Datenbank_Import_05052026.csv;302495;;
missing_in_Datenbank_Import_05052026;Artikelnummern.csv;Datenbank_Import_05052026.csv;302496;;
missing_in_Datenbank_Import_05052026;Artikelnummern.csv;Datenbank_Import_05052026.csv;302497;;
missing_in_Datenbank_Import_05052026;Artikelnummern.csv;Datenbank_Import_05052026.csv;302498;;
missing_in_Datenbank_Import_05052026;Artikelnummern.csv;Datenbank_Import_05052026.csv;302499;;
missing_in_Datenbank_Import_05052026;Artikelnummern.csv;Datenbank_Import_05052026.csv;302500;;
missing_in_Datenbank_Import_05052026;Artikelnummern.csv;Datenbank_Import_05052026.csv;302501;;
missing_in_Datenbank_Import_05052026;Artikelnummern.csv;Datenbank_Import_05052026.csv;302502;;
missing_in_Datenbank_Import_05052026;Artikelnummern.csv;Datenbank_Import_05052026.csv;302503;;
missing_in_Datenbank_Import_05052026;Artikelnummern.csv;Datenbank_Import_05052026.csv;302504;;
missing_in_Datenbank_Import_05052026;Artikelnummern.csv;Datenbank_Import_05052026.csv;302505;;
missing_in_Datenbank_Import_05052026;Artikelnummern.csv;Datenbank_Import_05052026.csv;302506;;
missing_in_Datenbank_Import_05052026;Artikelnummern.csv;Datenbank_Import_05052026.csv;302507;;
missing_in_Datenbank_Import_05052026;Artikelnummern.csv;Datenbank_Import_05052026.csv;302508;;
missing_in_Datenbank_Import_05052026;Artikelnummern.csv;Datenbank_Import_05052026.csv;302509;;
missing_in_Datenbank_Import_05052026;Artikelnummern.csv;Datenbank_Import_05052026.csv;302510;;
missing_in_Datenbank_Import_05052026;Artikelnummern.csv;Datenbank_Import_05052026.csv;302511;;
missing_in_Datenbank_Import_05052026;Artikelnummern.csv;Datenbank_Import_05052026.csv;302512;;
missing_in_Datenbank_Import_05052026;Artikelnummern.csv;Datenbank_Import_05052026.csv;302513;;
missing_in_Datenbank_Import_05052026;Artikelnummern.csv;Datenbank_Import_05052026.csv;302514;;
missing_in_Datenbank_Import_05052026;Artikelnummern.csv;Datenbank_Import_05052026.csv;302515;;
missing_in_Datenbank_Import_05052026;Artikelnummern.csv;Datenbank_Import_05052026.csv;302516;;
missing_in_Datenbank_Import_05052026;Artikelnummern.csv;Datenbank_Import_05052026.csv;302517;;
missing_in_Datenbank_Import_05052026;Artikelnummern.csv;Datenbank_Import_05052026.csv;302518;;
missing_in_Datenbank_Import_05052026;Artikelnummern.csv;Datenbank_Import_05052026.csv;302519;;
missing_in_Datenbank_Import_05052026;Artikelnummern.csv;Datenbank_Import_05052026.csv;302520;;
missing_in_Datenbank_Import_05052026;Artikelnummern.csv;Datenbank_Import_05052026.csv;302521;;
missing_in_Datenbank_Import_05052026;Artikelnummern.csv;Datenbank_Import_05052026.csv;302522;;
missing_in_Datenbank_Import_05052026;Artikelnummern.csv;Datenbank_Import_05052026.csv;302523;;
missing_in_Datenbank_Import_05052026;Artikelnummern.csv;Datenbank_Import_05052026.csv;302524;;
missing_in_Datenbank_Import_05052026;Artikelnummern.csv;Datenbank_Import_05052026.csv;302525;;
missing_in_Datenbank_Import_05052026;Artikelnummern.csv;Datenbank_Import_05052026.csv;302526;;
missing_in_Datenbank_Import_05052026;Artikelnummern.csv;Datenbank_Import_05052026.csv;302527;;
missing_in_Datenbank_Import_05052026;Artikelnummern.csv;Datenbank_Import_05052026.csv;302528;;
missing_in_Datenbank_Import_05052026;Artikelnummern.csv;Datenbank_Import_05052026.csv;302529;;
missing_in_Datenbank_Import_05052026;Artikelnummern.csv;Datenbank_Import_05052026.csv;302530;;
missing_in_Datenbank_Import_05052026;Artikelnummern.csv;Datenbank_Import_05052026.csv;302531;;
missing_in_Datenbank_Import_05052026;Artikelnummern.csv;Datenbank_Import_05052026.csv;302532;;
missing_in_Datenbank_Import_05052026;Artikelnummern.csv;Datenbank_Import_05052026.csv;302533;;
missing_in_Datenbank_Import_05052026;Artikelnummern.csv;Datenbank_Import_05052026.csv;302534;;
missing_in_Datenbank_Import_05052026;Artikelnummern.csv;Datenbank_Import_05052026.csv;302535;;
missing_in_Datenbank_Import_05052026;Artikelnummern.csv;Datenbank_Import_05052026.csv;302536;;
missing_in_Datenbank_Import_05052026;Artikelnummern.csv;Datenbank_Import_05052026.csv;302537;;
missing_in_Datenbank_Import_05052026;Artikelnummern.csv;Datenbank_Import_05052026.csv;302538;;
missing_in_Datenbank_Import_05052026;Artikelnummern.csv;Datenbank_Import_05052026.csv;302539;;
missing_in_Datenbank_Import_05052026;Artikelnummern.csv;Datenbank_Import_05052026.csv;302540;;
missing_in_Datenbank_Import_05052026;Artikelnummern.csv;Datenbank_Import_05052026.csv;302541;;
missing_in_Datenbank_Import_05052026;Artikelnummern.csv;Datenbank_Import_05052026.csv;302542;;
missing_in_Datenbank_Import_05052026;Artikelnummern.csv;Datenbank_Import_05052026.csv;302543;;
missing_in_Datenbank_Import_05052026;Artikelnummern.csv;Datenbank_Import_05052026.csv;302544;;
missing_in_Datenbank_Import_05052026;Artikelnummern.csv;Datenbank_Import_05052026.csv;302545;;
missing_in_Datenbank_Import_05052026;Artikelnummern.csv;Datenbank_Import_05052026.csv;302546;;
missing_in_Datenbank_Import_05052026;Artikelnummern.csv;Datenbank_Import_05052026.csv;302547;;
missing_in_Datenbank_Import_05052026;Artikelnummern.csv;Datenbank_Import_05052026.csv;302548;;
missing_in_Datenbank_Import_05052026;Artikelnummern.csv;Datenbank_Import_05052026.csv;302549;;
missing_in_Datenbank_Import_05052026;Artikelnummern.csv;Datenbank_Import_05052026.csv;302550;;
missing_in_Datenbank_Import_05052026;Artikelnummern.csv;Datenbank_Import_05052026.csv;302551;;
missing_in_Datenbank_Import_05052026;Artikelnummern.csv;Datenbank_Import_05052026.csv;302552;;
missing_in_Datenbank_Import_05052026;Artikelnummern.csv;Datenbank_Import_05052026.csv;302553;;
missing_in_Datenbank_Import_05052026;Artikelnummern.csv;Datenbank_Import_05052026.csv;302554;;
missing_in_Datenbank_Import_05052026;Artikelnummern.csv;Datenbank_Import_05052026.csv;302555;;
missing_in_Datenbank_Import_05052026;Artikelnummern.csv;Datenbank_Import_05052026.csv;302556;;
missing_in_Datenbank_Import_05052026;Artikelnummern.csv;Datenbank_Import_05052026.csv;302557;;
missing_in_Datenbank_Import_05052026;Artikelnummern.csv;Datenbank_Import_05052026.csv;302558;;
missing_in_Datenbank_Import_05052026;Artikelnummern.csv;Datenbank_Import_05052026.csv;302559;;
missing_in_Datenbank_Import_05052026;Artikelnummern.csv;Datenbank_Import_05052026.csv;302560;;
missing_in_Datenbank_Import_05052026;Artikelnummern.csv;Datenbank_Import_05052026.csv;302561;;
missing_in_Datenbank_Import_05052026;Artikelnummern.csv;Datenbank_Import_05052026.csv;302562;;
missing_in_Datenbank_Import_05052026;Artikelnummern.csv;Datenbank_Import_05052026.csv;302563;;
missing_in_Datenbank_Import_05052026;Artikelnummern.csv;Datenbank_Import_05052026.csv;302564;;
missing_in_Datenbank_Import_05052026;Artikelnummern.csv;Datenbank_Import_05052026.csv;302565;;
missing_in_Datenbank_Import_05052026;Artikelnummern.csv;Datenbank_Import_05052026.csv;302566;;
missing_in_Datenbank_Import_05052026;Artikelnummern.csv;Datenbank_Import_05052026.csv;302567;;
missing_in_Datenbank_Import_05052026;Artikelnummern.csv;Datenbank_Import_05052026.csv;302568;;
missing_in_Datenbank_Import_05052026;Artikelnummern.csv;Datenbank_Import_05052026.csv;302569;;
missing_in_Datenbank_Import_05052026;Artikelnummern.csv;Datenbank_Import_05052026.csv;302570;;
missing_in_Datenbank_Import_05052026;Artikelnummern.csv;Datenbank_Import_05052026.csv;302571;;
missing_in_Datenbank_Import_05052026;Artikelnummern.csv;Datenbank_Import_05052026.csv;302572;;
missing_in_Datenbank_Import_05052026;Artikelnummern.csv;Datenbank_Import_05052026.csv;302573;;
missing_in_Datenbank_Import_05052026;Artikelnummern.csv;Datenbank_Import_05052026.csv;302574;;
missing_in_Datenbank_Import_05052026;Artikelnummern.csv;Datenbank_Import_05052026.csv;302575;;
missing_in_Datenbank_Import_05052026;Artikelnummern.csv;Datenbank_Import_05052026.csv;302576;;
missing_in_Datenbank_Import_05052026;Artikelnummern.csv;Datenbank_Import_05052026.csv;302577;;
missing_in_Datenbank_Import_05052026;Artikelnummern.csv;Datenbank_Import_05052026.csv;302578;;
missing_in_Datenbank_Import_05052026;Artikelnummern.csv;Datenbank_Import_05052026.csv;302579;;
missing_in_Datenbank_Import_05052026;Artikelnummern.csv;Datenbank_Import_05052026.csv;302580;;
missing_in_Datenbank_Import_05052026;Artikelnummern.csv;Datenbank_Import_05052026.csv;302581;;
missing_in_Datenbank_Import_05052026;Artikelnummern.csv;Datenbank_Import_05052026.csv;302582;;
missing_in_Datenbank_Import_05052026;Artikelnummern.csv;Datenbank_Import_05052026.csv;302583;;
missing_in_Datenbank_Import_05052026;Artikelnummern.csv;Datenbank_Import_05052026.csv;302584;;
missing_in_Datenbank_Import_05052026;Artikelnummern.csv;Datenbank_Import_05052026.csv;302585;;
missing_in_Datenbank_Import_05052026;Artikelnummern.csv;Datenbank_Import_05052026.csv;302586;;
missing_in_Datenbank_Import_05052026;Artikelnummern.csv;Datenbank_Import_05052026.csv;302587;;
missing_in_Datenbank_Import_05052026;Artikelnummern.csv;Datenbank_Import_05052026.csv;302588;;
missing_in_Datenbank_Import_05052026;Artikelnummern.csv;Datenbank_Import_05052026.csv;302589;;
missing_in_Datenbank_Import_05052026;Artikelnummern.csv;Datenbank_Import_05052026.csv;302590;;
missing_in_Datenbank_Import_05052026;Artikelnummern.csv;Datenbank_Import_05052026.csv;302591;;
missing_in_Datenbank_Import_05052026;Artikelnummern.csv;Datenbank_Import_05052026.csv;302592;;
missing_in_Datenbank_Import_05052026;Artikelnummern.csv;Datenbank_Import_05052026.csv;302593;;
missing_in_Datenbank_Import_05052026;Artikelnummern.csv;Datenbank_Import_05052026.csv;302594;;
missing_in_Datenbank_Import_05052026;Artikelnummern.csv;Datenbank_Import_05052026.csv;302595;;
missing_in_Datenbank_Import_05052026;Artikelnummern.csv;Datenbank_Import_05052026.csv;302596;;
missing_in_Datenbank_Import_05052026;Artikelnummern.csv;Datenbank_Import_05052026.csv;302597;;
missing_in_Datenbank_Import_05052026;Artikelnummern.csv;Datenbank_Import_05052026.csv;302598;;
missing_in_Datenbank_Import_05052026;Artikelnummern.csv;Datenbank_Import_05052026.csv;302599;;
missing_in_Datenbank_Import_05052026;Artikelnummern.csv;Datenbank_Import_05052026.csv;302600;;
missing_in_Datenbank_Import_05052026;Artikelnummern.csv;Datenbank_Import_05052026.csv;302601;;
missing_in_Datenbank_Import_05052026;Artikelnummern.csv;Datenbank_Import_05052026.csv;302602;;
missing_in_Datenbank_Import_05052026;Artikelnummern.csv;Datenbank_Import_05052026.csv;302603;;
missing_in_Datenbank_Import_05052026;Artikelnummern.csv;Datenbank_Import_05052026.csv;302604;;
missing_in_Datenbank_Import_05052026;Artikelnummern.csv;Datenbank_Import_05052026.csv;302605;;
missing_in_Datenbank_Import_05052026;Artikelnummern.csv;Datenbank_Import_05052026.csv;302606;;
missing_in_Datenbank_Import_05052026;Artikelnummern.csv;Datenbank_Import_05052026.csv;302607;;
missing_in_Datenbank_Import_05052026;Artikelnummern.csv;Datenbank_Import_05052026.csv;302608;;
missing_in_Datenbank_Import_05052026;Artikelnummern.csv;Datenbank_Import_05052026.csv;302609;;
missing_in_Datenbank_Import_05052026;Artikelnummern.csv;Datenbank_Import_05052026.csv;302610;;
missing_in_Datenbank_Import_05052026;Artikelnummern.csv;Datenbank_Import_05052026.csv;302611;;
missing_in_Datenbank_Import_05052026;Artikelnummern.csv;Datenbank_Import_05052026.csv;302612;;
missing_in_Datenbank_Import_05052026;Artikelnummern.csv;Datenbank_Import_05052026.csv;302613;;
missing_in_Datenbank_Import_05052026;Artikelnummern.csv;Datenbank_Import_05052026.csv;302614;;
missing_in_Datenbank_Import_05052026;Artikelnummern.csv;Datenbank_Import_05052026.csv;302615;;
missing_in_Datenbank_Import_05052026;Artikelnummern.csv;Datenbank_Import_05052026.csv;302616;;
missing_in_Datenbank_Import_05052026;Artikelnummern.csv;Datenbank_Import_05052026.csv;302617;;
missing_in_Datenbank_Import_05052026;Artikelnummern.csv;Datenbank_Import_05052026.csv;302618;;
missing_in_Datenbank_Import_05052026;Artikelnummern.csv;Datenbank_Import_05052026.csv;302619;;
missing_in_Datenbank_Import_05052026;Artikelnummern.csv;Datenbank_Import_05052026.csv;302620;;
missing_in_Datenbank_Import_05052026;Artikelnummern.csv;Datenbank_Import_05052026.csv;302621;;
missing_in_Datenbank_Import_05052026;Artikelnummern.csv;Datenbank_Import_05052026.csv;302622;;
missing_in_Datenbank_Import_05052026;Artikelnummern.csv;Datenbank_Import_05052026.csv;302623;;
missing_in_Datenbank_Import_05052026;Artikelnummern.csv;Datenbank_Import_05052026.csv;302624;;
missing_in_Datenbank_Import_05052026;Artikelnummern.csv;Datenbank_Import_05052026.csv;302625;;
missing_in_Datenbank_Import_05052026;Artikelnummern.csv;Datenbank_Import_05052026.csv;302626;;
missing_in_Datenbank_Import_05052026;Artikelnummern.csv;Datenbank_Import_05052026.csv;302627;;
missing_in_Datenbank_Import_05052026;Artikelnummern.csv;Datenbank_Import_05052026.csv;302628;;
missing_in_Datenbank_Import_05052026;Artikelnummern.csv;Datenbank_Import_05052026.csv;302629;;
missing_in_Datenbank_Import_05052026;Artikelnummern.csv;Datenbank_Import_05052026.csv;302630;;
missing_in_Datenbank_Import_05052026;Artikelnummern.csv;Datenbank_Import_05052026.csv;302631;;
missing_in_Datenbank_Import_05052026;Artikelnummern.csv;Datenbank_Import_05052026.csv;302632;;
missing_in_Datenbank_Import_05052026;Artikelnummern.csv;Datenbank_Import_05052026.csv;302633;;
missing_in_Datenbank_Import_05052026;Artikelnummern.csv;Datenbank_Import_05052026.csv;302634;;
missing_in_Datenbank_Import_05052026;Artikelnummern.csv;Datenbank_Import_05052026.csv;302635;;
missing_in_Datenbank_Import_05052026;Artikelnummern.csv;Datenbank_Import_05052026.csv;302636;;
missing_in_Datenbank_Import_05052026;Artikelnummern.csv;Datenbank_Import_05052026.csv;302637;;
missing_in_Datenbank_Import_05052026;Artikelnummern.csv;Datenbank_Import_05052026.csv;302638;;
missing_in_Datenbank_Import_05052026;Artikelnummern.csv;Datenbank_Import_05052026.csv;302639;;
missing_in_Datenbank_Import_05052026;Artikelnummern.csv;Datenbank_Import_05052026.csv;302640;;
missing_in_Datenbank_Import_05052026;Artikelnummern.csv;Datenbank_Import_05052026.csv;302641;;
missing_in_Datenbank_Import_05052026;Artikelnummern.csv;Datenbank_Import_05052026.csv;302642;;
missing_in_Datenbank_Import_05052026;Artikelnummern.csv;Datenbank_Import_05052026.csv;302643;;
missing_in_Datenbank_Import_05052026;Artikelnummern.csv;Datenbank_Import_05052026.csv;302644;;
missing_in_Datenbank_Import_05052026;Artikelnummern.csv;Datenbank_Import_05052026.csv;302645;;
missing_in_Datenbank_Import_05052026;Artikelnummern.csv;Datenbank_Import_05052026.csv;302646;;
missing_in_Datenbank_Import_05052026;Artikelnummern.csv;Datenbank_Import_05052026.csv;302647;;
missing_in_Datenbank_Import_05052026;Artikelnummern.csv;Datenbank_Import_05052026.csv;302648;;
missing_in_Datenbank_Import_05052026;Artikelnummern.csv;Datenbank_Import_05052026.csv;302649;;
missing_in_Datenbank_Import_05052026;Artikelnummern.csv;Datenbank_Import_05052026.csv;302650;;
missing_in_Datenbank_Import_05052026;Artikelnummern.csv;Datenbank_Import_05052026.csv;302651;;
missing_in_Datenbank_Import_05052026;Artikelnummern.csv;Datenbank_Import_05052026.csv;302652;;
missing_in_Datenbank_Import_05052026;Artikelnummern.csv;Datenbank_Import_05052026.csv;302653;;
missing_in_Datenbank_Import_05052026;Artikelnummern.csv;Datenbank_Import_05052026.csv;302654;;
missing_in_Datenbank_Import_05052026;Artikelnummern.csv;Datenbank_Import_05052026.csv;302655;;
missing_in_Datenbank_Import_05052026;Artikelnummern.csv;Datenbank_Import_05052026.csv;302656;;
missing_in_Datenbank_Import_05052026;Artikelnummern.csv;Datenbank_Import_05052026.csv;302657;;
missing_in_Datenbank_Import_05052026;Artikelnummern.csv;Datenbank_Import_05052026.csv;302658;;
missing_in_Datenbank_Import_05052026;Artikelnummern.csv;Datenbank_Import_05052026.csv;302659;;
missing_in_Datenbank_Import_05052026;Artikelnummern.csv;Datenbank_Import_05052026.csv;302660;;
missing_in_Datenbank_Import_05052026;Artikelnummern.csv;Datenbank_Import_05052026.csv;302661;;
missing_in_Datenbank_Import_05052026;Artikelnummern.csv;Datenbank_Import_05052026.csv;302662;;
missing_in_Datenbank_Import_05052026;Artikelnummern.csv;Datenbank_Import_05052026.csv;302663;;
missing_in_Datenbank_Import_05052026;Artikelnummern.csv;Datenbank_Import_05052026.csv;302664;;
missing_in_Datenbank_Import_05052026;Artikelnummern.csv;Datenbank_Import_05052026.csv;302665;;
missing_in_Datenbank_Import_05052026;Artikelnummern.csv;Datenbank_Import_05052026.csv;302666;;
missing_in_Datenbank_Import_05052026;Artikelnummern.csv;Datenbank_Import_05052026.csv;302667;;
missing_in_Datenbank_Import_05052026;Artikelnummern.csv;Datenbank_Import_05052026.csv;302668;;
missing_in_Datenbank_Import_05052026;Artikelnummern.csv;Datenbank_Import_05052026.csv;302669;;
missing_in_Datenbank_Import_05052026;Artikelnummern.csv;Datenbank_Import_05052026.csv;302670;;
missing_in_Datenbank_Import_05052026;Artikelnummern.csv;Datenbank_Import_05052026.csv;302671;;
missing_in_Datenbank_Import_05052026;Artikelnummern.csv;Datenbank_Import_05052026.csv;302672;;
missing_in_Datenbank_Import_05052026;Artikelnummern.csv;Datenbank_Import_05052026.csv;302673;;
missing_in_Datenbank_Import_05052026;Artikelnummern.csv;Datenbank_Import_05052026.csv;302674;;
missing_in_Datenbank_Import_05052026;Artikelnummern.csv;Datenbank_Import_05052026.csv;302675;;
missing_in_Datenbank_Import_05052026;Artikelnummern.csv;Datenbank_Import_05052026.csv;302676;;
missing_in_Datenbank_Import_05052026;Artikelnummern.csv;Datenbank_Import_05052026.csv;302677;;
missing_in_Datenbank_Import_05052026;Artikelnummern.csv;Datenbank_Import_05052026.csv;302678;;
missing_in_Datenbank_Import_05052026;Artikelnummern.csv;Datenbank_Import_05052026.csv;302679;;
missing_in_Datenbank_Import_05052026;Artikelnummern.csv;Datenbank_Import_05052026.csv;302680;;
missing_in_Datenbank_Import_05052026;Artikelnummern.csv;Datenbank_Import_05052026.csv;302681;;
missing_in_Datenbank_Import_05052026;Artikelnummern.csv;Datenbank_Import_05052026.csv;302682;;
missing_in_Datenbank_Import_05052026;Artikelnummern.csv;Datenbank_Import_05052026.csv;302683;;
missing_in_Datenbank_Import_05052026;Artikelnummern.csv;Datenbank_Import_05052026.csv;302684;;
missing_in_Datenbank_Import_05052026;Artikelnummern.csv;Datenbank_Import_05052026.csv;302685;;
missing_in_Datenbank_Import_05052026;Artikelnummern.csv;Datenbank_Import_05052026.csv;302686;;
missing_in_Datenbank_Import_05052026;Artikelnummern.csv;Datenbank_Import_05052026.csv;302687;;
missing_in_Datenbank_Import_05052026;Artikelnummern.csv;Datenbank_Import_05052026.csv;302688;;
missing_in_Datenbank_Import_05052026;Artikelnummern.csv;Datenbank_Import_05052026.csv;302689;;
missing_in_Datenbank_Import_05052026;Artikelnummern.csv;Datenbank_Import_05052026.csv;302690;;
missing_in_Datenbank_Import_05052026;Artikelnummern.csv;Datenbank_Import_05052026.csv;302691;;
missing_in_Datenbank_Import_05052026;Artikelnummern.csv;Datenbank_Import_05052026.csv;302692;;
missing_in_Datenbank_Import_05052026;Artikelnummern.csv;Datenbank_Import_05052026.csv;302693;;
missing_in_Datenbank_Import_05052026;Artikelnummern.csv;Datenbank_Import_05052026.csv;302694;;
missing_in_Datenbank_Import_05052026;Artikelnummern.csv;Datenbank_Import_05052026.csv;302695;;
missing_in_Datenbank_Import_05052026;Artikelnummern.csv;Datenbank_Import_05052026.csv;302696;;
missing_in_Datenbank_Import_05052026;Artikelnummern.csv;Datenbank_Import_05052026.csv;302697;;
missing_in_Datenbank_Import_05052026;Artikelnummern.csv;Datenbank_Import_05052026.csv;302698;;
missing_in_Datenbank_Import_05052026;Artikelnummern.csv;Datenbank_Import_05052026.csv;302699;;
missing_in_Datenbank_Import_05052026;Artikelnummern.csv;Datenbank_Import_05052026.csv;302700;;
missing_in_Datenbank_Import_05052026;Artikelnummern.csv;Datenbank_Import_05052026.csv;302701;;
missing_in_Datenbank_Import_05052026;Artikelnummern.csv;Datenbank_Import_05052026.csv;302702;;
missing_in_Datenbank_Import_05052026;Artikelnummern.csv;Datenbank_Import_05052026.csv;302703;;
missing_in_Datenbank_Import_05052026;Artikelnummern.csv;Datenbank_Import_05052026.csv;302704;;
missing_in_Datenbank_Import_05052026;Artikelnummern.csv;Datenbank_Import_05052026.csv;302705;;
missing_in_Datenbank_Import_05052026;Artikelnummern.csv;Datenbank_Import_05052026.csv;302706;;
missing_in_Datenbank_Import_05052026;Artikelnummern.csv;Datenbank_Import_05052026.csv;302707;;
missing_in_Datenbank_Import_05052026;Artikelnummern.csv;Datenbank_Import_05052026.csv;302708;;
missing_in_Datenbank_Import_05052026;Artikelnummern.csv;Datenbank_Import_05052026.csv;302709;;
missing_in_Datenbank_Import_05052026;Artikelnummern.csv;Datenbank_Import_05052026.csv;302710;;
missing_in_Datenbank_Import_05052026;Artikelnummern.csv;Datenbank_Import_05052026.csv;302711;;
missing_in_Datenbank_Import_05052026;Artikelnummern.csv;Datenbank_Import_05052026.csv;302712;;
missing_in_Datenbank_Import_05052026;Artikelnummern.csv;Datenbank_Import_05052026.csv;302713;;
missing_in_Datenbank_Import_05052026;Artikelnummern.csv;Datenbank_Import_05052026.csv;302714;;
missing_in_Datenbank_Import_05052026;Artikelnummern.csv;Datenbank_Import_05052026.csv;302715;;
missing_in_Datenbank_Import_05052026;Artikelnummern.csv;Datenbank_Import_05052026.csv;302716;;
missing_in_Datenbank_Import_05052026;Artikelnummern.csv;Datenbank_Import_05052026.csv;302717;;
missing_in_Datenbank_Import_05052026;Artikelnummern.csv;Datenbank_Import_05052026.csv;302718;;
missing_in_Datenbank_Import_05052026;Artikelnummern.csv;Datenbank_Import_05052026.csv;302719;;
missing_in_Datenbank_Import_05052026;Artikelnummern.csv;Datenbank_Import_05052026.csv;302720;;
missing_in_Datenbank_Import_05052026;Artikelnummern.csv;Datenbank_Import_05052026.csv;302721;;
missing_in_Datenbank_Import_05052026;Artikelnummern.csv;Datenbank_Import_05052026.csv;302722;;
missing_in_Datenbank_Import_05052026;Artikelnummern.csv;Datenbank_Import_05052026.csv;302723;;
missing_in_Datenbank_Import_05052026;Artikelnummern.csv;Datenbank_Import_05052026.csv;302724;;
missing_in_Datenbank_Import_05052026;Artikelnummern.csv;Datenbank_Import_05052026.csv;302725;;
missing_in_Datenbank_Import_05052026;Artikelnummern.csv;Datenbank_Import_05052026.csv;302726;;
missing_in_Datenbank_Import_05052026;Artikelnummern.csv;Datenbank_Import_05052026.csv;302727;;
missing_in_Datenbank_Import_05052026;Artikelnummern.csv;Datenbank_Import_05052026.csv;302728;;
missing_in_Datenbank_Import_05052026;Artikelnummern.csv;Datenbank_Import_05052026.csv;302729;;
missing_in_Datenbank_Import_05052026;Artikelnummern.csv;Datenbank_Import_05052026.csv;302730;;
missing_in_Datenbank_Import_05052026;Artikelnummern.csv;Datenbank_Import_05052026.csv;302731;;
missing_in_Datenbank_Import_05052026;Artikelnummern.csv;Datenbank_Import_05052026.csv;302732;;
missing_in_Datenbank_Import_05052026;Artikelnummern.csv;Datenbank_Import_05052026.csv;302733;;
missing_in_Datenbank_Import_05052026;Artikelnummern.csv;Datenbank_Import_05052026.csv;302734;;
missing_in_Datenbank_Import_05052026;Artikelnummern.csv;Datenbank_Import_05052026.csv;302735;;
missing_in_Datenbank_Import_05052026;Artikelnummern.csv;Datenbank_Import_05052026.csv;302736;;
missing_in_Datenbank_Import_05052026;Artikelnummern.csv;Datenbank_Import_05052026.csv;302737;;
missing_in_Datenbank_Import_05052026;Artikelnummern.csv;Datenbank_Import_05052026.csv;302738;;
missing_in_Datenbank_Import_05052026;Artikelnummern.csv;Datenbank_Import_05052026.csv;302739;;
missing_in_Datenbank_Import_05052026;Artikelnummern.csv;Datenbank_Import_05052026.csv;302740;;
missing_in_Datenbank_Import_05052026;Artikelnummern.csv;Datenbank_Import_05052026.csv;302741;;
missing_in_Datenbank_Import_05052026;Artikelnummern.csv;Datenbank_Import_05052026.csv;302742;;
missing_in_Datenbank_Import_05052026;Artikelnummern.csv;Datenbank_Import_05052026.csv;302743;;
missing_in_Datenbank_Import_05052026;Artikelnummern.csv;Datenbank_Import_05052026.csv;302744;;
missing_in_Datenbank_Import_05052026;Artikelnummern.csv;Datenbank_Import_05052026.csv;302745;;
missing_in_Datenbank_Import_05052026;Artikelnummern.csv;Datenbank_Import_05052026.csv;302746;;
missing_in_Datenbank_Import_05052026;Artikelnummern.csv;Datenbank_Import_05052026.csv;302747;;
missing_in_Datenbank_Import_05052026;Artikelnummern.csv;Datenbank_Import_05052026.csv;302748;;
missing_in_Datenbank_Import_05052026;Artikelnummern.csv;Datenbank_Import_05052026.csv;302749;;
missing_in_Datenbank_Import_05052026;Artikelnummern.csv;Datenbank_Import_05052026.csv;302751;;
missing_in_Datenbank_Import_05052026;Artikelnummern.csv;Datenbank_Import_05052026.csv;302752;;
missing_in_Datenbank_Import_05052026;Artikelnummern.csv;Datenbank_Import_05052026.csv;302753;;
missing_in_Datenbank_Import_05052026;Artikelnummern.csv;Datenbank_Import_05052026.csv;302754;;
missing_in_Datenbank_Import_05052026;Artikelnummern.csv;Datenbank_Import_05052026.csv;302755;;
missing_in_Datenbank_Import_05052026;Artikelnummern.csv;Datenbank_Import_05052026.csv;302756;;
missing_in_Datenbank_Import_05052026;Artikelnummern.csv;Datenbank_Import_05052026.csv;302757;;
missing_in_Datenbank_Import_05052026;Artikelnummern.csv;Datenbank_Import_05052026.csv;302758;;
missing_in_Datenbank_Import_05052026;Artikelnummern.csv;Datenbank_Import_05052026.csv;302759;;
missing_in_Datenbank_Import_05052026;Artikelnummern.csv;Datenbank_Import_05052026.csv;302760;;
missing_in_Datenbank_Import_05052026;Artikelnummern.csv;Datenbank_Import_05052026.csv;302761;;
missing_in_Datenbank_Import_05052026;Artikelnummern.csv;Datenbank_Import_05052026.csv;302762;;
missing_in_Datenbank_Import_05052026;Artikelnummern.csv;Datenbank_Import_05052026.csv;302763;;
missing_in_Datenbank_Import_05052026;Artikelnummern.csv;Datenbank_Import_05052026.csv;302764;;
missing_in_Datenbank_Import_05052026;Artikelnummern.csv;Datenbank_Import_05052026.csv;302765;;
missing_in_Datenbank_Import_05052026;Artikelnummern.csv;Datenbank_Import_05052026.csv;302766;;
missing_in_Datenbank_Import_05052026;Artikelnummern.csv;Datenbank_Import_05052026.csv;302767;;
missing_in_Datenbank_Import_05052026;Artikelnummern.csv;Datenbank_Import_05052026.csv;302768;;
missing_in_Datenbank_Import_05052026;Artikelnummern.csv;Datenbank_Import_05052026.csv;302769;;
missing_in_Datenbank_Import_05052026;Artikelnummern.csv;Datenbank_Import_05052026.csv;302770;;
missing_in_Datenbank_Import_05052026;Artikelnummern.csv;Datenbank_Import_05052026.csv;302771;;
missing_in_Datenbank_Import_05052026;Artikelnummern.csv;Datenbank_Import_05052026.csv;302772;;
missing_in_Datenbank_Import_05052026;Artikelnummern.csv;Datenbank_Import_05052026.csv;302773;;
missing_in_Datenbank_Import_05052026;Artikelnummern.csv;Datenbank_Import_05052026.csv;302774;;
missing_in_Datenbank_Import_05052026;Artikelnummern.csv;Datenbank_Import_05052026.csv;302775;;
missing_in_Datenbank_Import_05052026;Artikelnummern.csv;Datenbank_Import_05052026.csv;302776;;
missing_in_Datenbank_Import_05052026;Artikelnummern.csv;Datenbank_Import_05052026.csv;302777;;
missing_in_Datenbank_Import_05052026;Artikelnummern.csv;Datenbank_Import_05052026.csv;302778;;
missing_in_Datenbank_Import_05052026;Artikelnummern.csv;Datenbank_Import_05052026.csv;302779;;
missing_in_Datenbank_Import_05052026;Artikelnummern.csv;Datenbank_Import_05052026.csv;302780;;
missing_in_Datenbank_Import_05052026;Artikelnummern.csv;Datenbank_Import_05052026.csv;302781;;
missing_in_Datenbank_Import_05052026;Artikelnummern.csv;Datenbank_Import_05052026.csv;302782;;
missing_in_Datenbank_Import_05052026;Artikelnummern.csv;Datenbank_Import_05052026.csv;302783;;
missing_in_Datenbank_Import_05052026;Artikelnummern.csv;Datenbank_Import_05052026.csv;302784;;
missing_in_Datenbank_Import_05052026;Artikelnummern.csv;Datenbank_Import_05052026.csv;302785;;
missing_in_Datenbank_Import_05052026;Artikelnummern.csv;Datenbank_Import_05052026.csv;302786;;
missing_in_Datenbank_Import_05052026;Artikelnummern.csv;Datenbank_Import_05052026.csv;302787;;
missing_in_Datenbank_Import_05052026;Artikelnummern.csv;Datenbank_Import_05052026.csv;302788;;
missing_in_Datenbank_Import_05052026;Artikelnummern.csv;Datenbank_Import_05052026.csv;302789;;
missing_in_Datenbank_Import_05052026;Artikelnummern.csv;Datenbank_Import_05052026.csv;302790;;
missing_in_Datenbank_Import_05052026;Artikelnummern.csv;Datenbank_Import_05052026.csv;302791;;
missing_in_Datenbank_Import_05052026;Artikelnummern.csv;Datenbank_Import_05052026.csv;302792;;
missing_in_Datenbank_Import_05052026;Artikelnummern.csv;Datenbank_Import_05052026.csv;302793;;
missing_in_Datenbank_Import_05052026;Artikelnummern.csv;Datenbank_Import_05052026.csv;302794;;
missing_in_Datenbank_Import_05052026;Artikelnummern.csv;Datenbank_Import_05052026.csv;302795;;
missing_in_Datenbank_Import_05052026;Artikelnummern.csv;Datenbank_Import_05052026.csv;302796;;
missing_in_Datenbank_Import_05052026;Artikelnummern.csv;Datenbank_Import_05052026.csv;302797;;
missing_in_Datenbank_Import_05052026;Artikelnummern.csv;Datenbank_Import_05052026.csv;302798;;
missing_in_Datenbank_Import_05052026;Artikelnummern.csv;Datenbank_Import_05052026.csv;302799;;
missing_in_Datenbank_Import_05052026;Artikelnummern.csv;Datenbank_Import_05052026.csv;302800;;
missing_in_Datenbank_Import_05052026;Artikelnummern.csv;Datenbank_Import_05052026.csv;302801;;
missing_in_Datenbank_Import_05052026;Artikelnummern.csv;Datenbank_Import_05052026.csv;302802;;
missing_in_Datenbank_Import_05052026;Artikelnummern.csv;Datenbank_Import_05052026.csv;302803;;
missing_in_Datenbank_Import_05052026;Artikelnummern.csv;Datenbank_Import_05052026.csv;302804;;
missing_in_Datenbank_Import_05052026;Artikelnummern.csv;Datenbank_Import_05052026.csv;302805;;
missing_in_Datenbank_Import_05052026;Artikelnummern.csv;Datenbank_Import_05052026.csv;302806;;
missing_in_Datenbank_Import_05052026;Artikelnummern.csv;Datenbank_Import_05052026.csv;302807;;
missing_in_Datenbank_Import_05052026;Artikelnummern.csv;Datenbank_Import_05052026.csv;302808;;
missing_in_Datenbank_Import_05052026;Artikelnummern.csv;Datenbank_Import_05052026.csv;302809;;
missing_in_Datenbank_Import_05052026;Artikelnummern.csv;Datenbank_Import_05052026.csv;302810;;
missing_in_Datenbank_Import_05052026;Artikelnummern.csv;Datenbank_Import_05052026.csv;302811;;
missing_in_Datenbank_Import_05052026;Artikelnummern.csv;Datenbank_Import_05052026.csv;302812;;
missing_in_Datenbank_Import_05052026;Artikelnummern.csv;Datenbank_Import_05052026.csv;302813;;
missing_in_Datenbank_Import_05052026;Artikelnummern.csv;Datenbank_Import_05052026.csv;302814;;
missing_in_Datenbank_Import_05052026;Artikelnummern.csv;Datenbank_Import_05052026.csv;302815;;
missing_in_Datenbank_Import_05052026;Artikelnummern.csv;Datenbank_Import_05052026.csv;302816;;
missing_in_Datenbank_Import_05052026;Artikelnummern.csv;Datenbank_Import_05052026.csv;302817;;
missing_in_Datenbank_Import_05052026;Artikelnummern.csv;Datenbank_Import_05052026.csv;302818;;
missing_in_Datenbank_Import_05052026;Artikelnummern.csv;Datenbank_Import_05052026.csv;302819;;
missing_in_Datenbank_Import_05052026;Artikelnummern.csv;Datenbank_Import_05052026.csv;302820;;
missing_in_Datenbank_Import_05052026;Artikelnummern.csv;Datenbank_Import_05052026.csv;302821;;
missing_in_Datenbank_Import_05052026;Artikelnummern.csv;Datenbank_Import_05052026.csv;302822;;
missing_in_Datenbank_Import_05052026;Artikelnummern.csv;Datenbank_Import_05052026.csv;302823;;
missing_in_Datenbank_Import_05052026;Artikelnummern.csv;Datenbank_Import_05052026.csv;302824;;
missing_in_Datenbank_Import_05052026;Artikelnummern.csv;Datenbank_Import_05052026.csv;302825;;
missing_in_Datenbank_Import_05052026;Artikelnummern.csv;Datenbank_Import_05052026.csv;302826;;
missing_in_Datenbank_Import_05052026;Artikelnummern.csv;Datenbank_Import_05052026.csv;302827;;
missing_in_Datenbank_Import_05052026;Artikelnummern.csv;Datenbank_Import_05052026.csv;302828;;
missing_in_Datenbank_Import_05052026;Artikelnummern.csv;Datenbank_Import_05052026.csv;302829;;
missing_in_Datenbank_Import_05052026;Artikelnummern.csv;Datenbank_Import_05052026.csv;302830;;
missing_in_Datenbank_Import_05052026;Artikelnummern.csv;Datenbank_Import_05052026.csv;302831;;
missing_in_Datenbank_Import_05052026;Artikelnummern.csv;Datenbank_Import_05052026.csv;302832;;
missing_in_Datenbank_Import_05052026;Artikelnummern.csv;Datenbank_Import_05052026.csv;302833;;
missing_in_Datenbank_Import_05052026;Artikelnummern.csv;Datenbank_Import_05052026.csv;302834;;
missing_in_Datenbank_Import_05052026;Artikelnummern.csv;Datenbank_Import_05052026.csv;302835;;
missing_in_Datenbank_Import_05052026;Artikelnummern.csv;Datenbank_Import_05052026.csv;302836;;
missing_in_Datenbank_Import_05052026;Artikelnummern.csv;Datenbank_Import_05052026.csv;302837;;
missing_in_Datenbank_Import_05052026;Artikelnummern.csv;Datenbank_Import_05052026.csv;302838;;
missing_in_Datenbank_Import_05052026;Artikelnummern.csv;Datenbank_Import_05052026.csv;302839;;
missing_in_Datenbank_Import_05052026;Artikelnummern.csv;Datenbank_Import_05052026.csv;302840;;
missing_in_Datenbank_Import_05052026;Artikelnummern.csv;Datenbank_Import_05052026.csv;302841;;
missing_in_Datenbank_Import_05052026;Artikelnummern.csv;Datenbank_Import_05052026.csv;302842;;
missing_in_Datenbank_Import_05052026;Artikelnummern.csv;Datenbank_Import_05052026.csv;302843;;
missing_in_Datenbank_Import_05052026;Artikelnummern.csv;Datenbank_Import_05052026.csv;302844;;
missing_in_Datenbank_Import_05052026;Artikelnummern.csv;Datenbank_Import_05052026.csv;302845;;
missing_in_Datenbank_Import_05052026;Artikelnummern.csv;Datenbank_Import_05052026.csv;302846;;
missing_in_Datenbank_Import_05052026;Artikelnummern.csv;Datenbank_Import_05052026.csv;302847;;
missing_in_Datenbank_Import_05052026;Artikelnummern.csv;Datenbank_Import_05052026.csv;302848;;
missing_in_Datenbank_Import_05052026;Artikelnummern.csv;Datenbank_Import_05052026.csv;302849;;
missing_in_Datenbank_Import_05052026;Artikelnummern.csv;Datenbank_Import_05052026.csv;302850;;
missing_in_Datenbank_Import_05052026;Artikelnummern.csv;Datenbank_Import_05052026.csv;302851;;
missing_in_Datenbank_Import_05052026;Artikelnummern.csv;Datenbank_Import_05052026.csv;302852;;
missing_in_Datenbank_Import_05052026;Artikelnummern.csv;Datenbank_Import_05052026.csv;302853;;
missing_in_Datenbank_Import_05052026;Artikelnummern.csv;Datenbank_Import_05052026.csv;302854;;
missing_in_Datenbank_Import_05052026;Artikelnummern.csv;Datenbank_Import_05052026.csv;302855;;
missing_in_Datenbank_Import_05052026;Artikelnummern.csv;Datenbank_Import_05052026.csv;302856;;
missing_in_Datenbank_Import_05052026;Artikelnummern.csv;Datenbank_Import_05052026.csv;302857;;
missing_in_Datenbank_Import_05052026;Artikelnummern.csv;Datenbank_Import_05052026.csv;302858;;
missing_in_Datenbank_Import_05052026;Artikelnummern.csv;Datenbank_Import_05052026.csv;302859;;
missing_in_Datenbank_Import_05052026;Artikelnummern.csv;Datenbank_Import_05052026.csv;302860;;
missing_in_Datenbank_Import_05052026;Artikelnummern.csv;Datenbank_Import_05052026.csv;302861;;
missing_in_Datenbank_Import_05052026;Artikelnummern.csv;Datenbank_Import_05052026.csv;302862;;
missing_in_Datenbank_Import_05052026;Artikelnummern.csv;Datenbank_Import_05052026.csv;302863;;
missing_in_Datenbank_Import_05052026;Artikelnummern.csv;Datenbank_Import_05052026.csv;302864;;
missing_in_Datenbank_Import_05052026;Artikelnummern.csv;Datenbank_Import_05052026.csv;302865;;
missing_in_Datenbank_Import_05052026;Artikelnummern.csv;Datenbank_Import_05052026.csv;302866;;
missing_in_Datenbank_Import_05052026;Artikelnummern.csv;Datenbank_Import_05052026.csv;302867;;
missing_in_Datenbank_Import_05052026;Artikelnummern.csv;Datenbank_Import_05052026.csv;302868;;
missing_in_Datenbank_Import_05052026;Artikelnummern.csv;Datenbank_Import_05052026.csv;302869;;
missing_in_Datenbank_Import_05052026;Artikelnummern.csv;Datenbank_Import_05052026.csv;302870;;
missing_in_Datenbank_Import_05052026;Artikelnummern.csv;Datenbank_Import_05052026.csv;302871;;
missing_in_Datenbank_Import_05052026;Artikelnummern.csv;Datenbank_Import_05052026.csv;302872;;
missing_in_Datenbank_Import_05052026;Artikelnummern.csv;Datenbank_Import_05052026.csv;302873;;
missing_in_Datenbank_Import_05052026;Artikelnummern.csv;Datenbank_Import_05052026.csv;302874;;
missing_in_Datenbank_Import_05052026;Artikelnummern.csv;Datenbank_Import_05052026.csv;302875;;
missing_in_Datenbank_Import_05052026;Artikelnummern.csv;Datenbank_Import_05052026.csv;302876;;
missing_in_Datenbank_Import_05052026;Artikelnummern.csv;Datenbank_Import_05052026.csv;302877;;
missing_in_Datenbank_Import_05052026;Artikelnummern.csv;Datenbank_Import_05052026.csv;302878;;
missing_in_Datenbank_Import_05052026;Artikelnummern.csv;Datenbank_Import_05052026.csv;302879;;
missing_in_Datenbank_Import_05052026;Artikelnummern.csv;Datenbank_Import_05052026.csv;302880;;
missing_in_Datenbank_Import_05052026;Artikelnummern.csv;Datenbank_Import_05052026.csv;302881;;
missing_in_Datenbank_Import_05052026;Artikelnummern.csv;Datenbank_Import_05052026.csv;302882;;
missing_in_Datenbank_Import_05052026;Artikelnummern.csv;Datenbank_Import_05052026.csv;302883;;
missing_in_Datenbank_Import_05052026;Artikelnummern.csv;Datenbank_Import_05052026.csv;302884;;
missing_in_Datenbank_Import_05052026;Artikelnummern.csv;Datenbank_Import_05052026.csv;302885;;
missing_in_Datenbank_Import_05052026;Artikelnummern.csv;Datenbank_Import_05052026.csv;302886;;
missing_in_Datenbank_Import_05052026;Artikelnummern.csv;Datenbank_Import_05052026.csv;302887;;
missing_in_Datenbank_Import_05052026;Artikelnummern.csv;Datenbank_Import_05052026.csv;302888;;
missing_in_Datenbank_Import_05052026;Artikelnummern.csv;Datenbank_Import_05052026.csv;302889;;
missing_in_Datenbank_Import_05052026;Artikelnummern.csv;Datenbank_Import_05052026.csv;302890;;
missing_in_Datenbank_Import_05052026;Artikelnummern.csv;Datenbank_Import_05052026.csv;302891;;
missing_in_Datenbank_Import_05052026;Artikelnummern.csv;Datenbank_Import_05052026.csv;302892;;
missing_in_Datenbank_Import_05052026;Artikelnummern.csv;Datenbank_Import_05052026.csv;302893;;
missing_in_Datenbank_Import_05052026;Artikelnummern.csv;Datenbank_Import_05052026.csv;302894;;
missing_in_Datenbank_Import_05052026;Artikelnummern.csv;Datenbank_Import_05052026.csv;302895;;
missing_in_Datenbank_Import_05052026;Artikelnummern.csv;Datenbank_Import_05052026.csv;302896;;
missing_in_Datenbank_Import_05052026;Artikelnummern.csv;Datenbank_Import_05052026.csv;302897;;
missing_in_Datenbank_Import_05052026;Artikelnummern.csv;Datenbank_Import_05052026.csv;302898;;
missing_in_Datenbank_Import_05052026;Artikelnummern.csv;Datenbank_Import_05052026.csv;302899;;
missing_in_Datenbank_Import_05052026;Artikelnummern.csv;Datenbank_Import_05052026.csv;302900;;
missing_in_Datenbank_Import_05052026;Artikelnummern.csv;Datenbank_Import_05052026.csv;302901;;
missing_in_Datenbank_Import_05052026;Artikelnummern.csv;Datenbank_Import_05052026.csv;302902;;
missing_in_Datenbank_Import_05052026;Artikelnummern.csv;Datenbank_Import_05052026.csv;302903;;
missing_in_Datenbank_Import_05052026;Artikelnummern.csv;Datenbank_Import_05052026.csv;302904;;
missing_in_Datenbank_Import_05052026;Artikelnummern.csv;Datenbank_Import_05052026.csv;302905;;
missing_in_Datenbank_Import_05052026;Artikelnummern.csv;Datenbank_Import_05052026.csv;302906;;
missing_in_Datenbank_Import_05052026;Artikelnummern.csv;Datenbank_Import_05052026.csv;302907;;
missing_in_Datenbank_Import_05052026;Artikelnummern.csv;Datenbank_Import_05052026.csv;305643;;
missing_in_Datenbank_Import_05052026;Artikelnummern.csv;Datenbank_Import_05052026.csv;305712;;
missing_in_Datenbank_Import_05052026;Artikelnummern.csv;Datenbank_Import_05052026.csv;305843;;
missing_in_Datenbank_Import_05052026;Artikelnummern.csv;Datenbank_Import_05052026.csv;305993;;
missing_in_Datenbank_Import_05052026;Artikelnummern.csv;Datenbank_Import_05052026.csv;305994;;
missing_in_Datenbank_Import_05052026;Artikelnummern.csv;Datenbank_Import_05052026.csv;305995;;
missing_in_Datenbank_Import_05052026;Artikelnummern.csv;Datenbank_Import_05052026.csv;305996;;
missing_in_Datenbank_Import_05052026;Artikelnummern.csv;Datenbank_Import_05052026.csv;305997;;
missing_in_Datenbank_Import_05052026;Artikelnummern.csv;Datenbank_Import_05052026.csv;305998;;
missing_in_Datenbank_Import_05052026;Artikelnummern.csv;Datenbank_Import_05052026.csv;305999;;
missing_in_Datenbank_Import_05052026;Artikelnummern.csv;Datenbank_Import_05052026.csv;306000;;
missing_in_Datenbank_Import_05052026;Artikelnummern.csv;Datenbank_Import_05052026.csv;306001;;
missing_in_Datenbank_Import_05052026;Artikelnummern.csv;Datenbank_Import_05052026.csv;306002;;
missing_in_Datenbank_Import_05052026;Artikelnummern.csv;Datenbank_Import_05052026.csv;306003;;
missing_in_Datenbank_Import_05052026;Artikelnummern.csv;Datenbank_Import_05052026.csv;306004;;
missing_in_Datenbank_Import_05052026;Artikelnummern.csv;Datenbank_Import_05052026.csv;312011;;
missing_in_Datenbank_Import_05052026;Artikelnummern.csv;Datenbank_Import_05052026.csv;312012;;
missing_in_Datenbank_Import_05052026;Artikelnummern.csv;Datenbank_Import_05052026.csv;312013;;
missing_in_Datenbank_Import_05052026;Artikelnummern.csv;Datenbank_Import_05052026.csv;312014;;
missing_in_Datenbank_Import_05052026;Artikelnummern.csv;Datenbank_Import_05052026.csv;312015;;
missing_in_Datenbank_Import_05052026;Artikelnummern.csv;Datenbank_Import_05052026.csv;312016;;
missing_in_Datenbank_Import_05052026;Artikelnummern.csv;Datenbank_Import_05052026.csv;312017;;
missing_in_Datenbank_Import_05052026;Artikelnummern.csv;Datenbank_Import_05052026.csv;312018;;
missing_in_Datenbank_Import_05052026;Artikelnummern.csv;Datenbank_Import_05052026.csv;400102;;
missing_in_Datenbank_Import_05052026;Artikelnummern.csv;Datenbank_Import_05052026.csv;400105;;
missing_in_Datenbank_Import_05052026;Artikelnummern.csv;Datenbank_Import_05052026.csv;400106;;
missing_in_Datenbank_Import_05052026;Artikelnummern.csv;Datenbank_Import_05052026.csv;400110;;
missing_in_Datenbank_Import_05052026;Artikelnummern.csv;Datenbank_Import_05052026.csv;400111;;
missing_in_Datenbank_Import_05052026;Artikelnummern.csv;Datenbank_Import_05052026.csv;400112;;
missing_in_Datenbank_Import_05052026;Artikelnummern.csv;Datenbank_Import_05052026.csv;400263;;
